id,prompt,correct_answer,sources,student_id,
EStG-23-001,"Ein begeisterter Briefmarkensammler verkauft über einen Zeitraum von drei Jahren regelmäßig Teile seiner Sammlung über eine Online-Plattform an verschiedene Käufer weltweit, um seinen Lebensunterhalt zu finanzieren. Liegt hier eine private Vermögensverwaltung oder bereits ein Gewerbebetrieb vor?","Es liegt ein Gewerbebetrieb vor. Eine Tätigkeit ist gewerblich, wenn sie selbstständig, nachhaltig, mit Gewinnabsicht und unter Beteiligung am allgemeinen wirtschaftlichen Verkehr erfolgt. Da der Sammler regelmäßig (nachhaltig) an verschiedene Personen (wirtschaftlicher Verkehr) verkauft, um seinen Lebensunterhalt zu finanzieren (Gewinnabsicht), überschreitet dies den Rahmen der bloßen privaten Vermögensverwaltung.",§ 23 EStG 1988,11817953,
EStG-23-002,"Ein IT-Spezialist bietet Software-Lösungen an. Neben der rein beratenden Tätigkeit verkauft er auch standardisierte Hardware-Komponenten an seine Kunden, wobei der Handel mit der Hardware einen wesentlichen Teil seines Gesamtumsatzes ausmacht. Sind die Einkünfte aus dem Hardware-Verkauf als Einkünfte aus Gewerbebetrieb einzustufen?","Ja, der Verkauf von Hardware stellt eine gewerbliche Tätigkeit dar. Da dieser Teil der Tätigkeit die Merkmale der Selbstständigkeit, Nachhaltigkeit, Gewinnabsicht und der Beteiligung am allgemeinen wirtschaftlichen Verkehr erfüllt und nicht unter die privilegierten freien Berufe fällt, sind diese Einkünfte gemäß § 23 EStG als Einkünfte aus Gewerbebetrieb zu qualifizieren.",§ 23 EStG 1988,11817953,
EStG-23-003,"Ein Steuerpflichtiger betreibt seit fünf Jahren eine kleine Pferdezucht. Bisher wurden nur Verluste erzielt, und eine objektive Prognose zeigt, dass auch in Zukunft kein Gesamtwertüberschuss zu erwarten ist. Der Steuerpflichtige führt die Zucht jedoch aus persönlicher Leidenschaft fort. Handelt es sich hierbei um Einkünfte aus Gewerbebetrieb im Sinne des § 23 EStG?","Nein, es handelt sich nicht um Einkünfte aus Gewerbebetrieb, sondern um steuerlich unbeachtliche Liebhaberei. Für einen Gewerbebetrieb nach § 23 EStG ist unter anderem eine Gewinnerzielungsabsicht erforderlich. Da hier objektiv kein Gesamterfolg (Totalgewinn) zu erwarten ist und die Tätigkeit aus persönlichen Neigungen fortgeführt wird, fehlt dieses konstitutive Merkmal.",§ 23 EStG 1988,11817953,
EStG-23-004,Ein geschickter Handwerker repariert in seiner Freizeit regelmäßig defekte Elektrogeräte ausschließlich für seine engen Verwandten und verlangt dafür lediglich einen Unkostenbeitrag für die Ersatzteile sowie ein kleines Trinkgeld. Er schaltet keine Werbung und lehnt Anfragen von fremden Nachbarn strikt ab. Liegt hier ein Gewerbebetrieb im Sinne des § 23 EStG vor?,"Nein, es liegt kein Gewerbebetrieb vor. Ein wesentliches Merkmal des Gewerbebetriebs gemäß § 23 EStG ist die Beteiligung am allgemeinen wirtschaftlichen Verkehr. Das bedeutet, die Leistung muss einem unbestimmten Personenkreis angeboten werden. Da der Handwerker seine Tätigkeit auf den engen Familienkreis beschränkt und Angebote an die Öffentlichkeit (Nachbarn) ablehnt, fehlt dieses Merkmal.",§ 23 EStG 1988,11817953,
EStG-23-005,"Ein Grafiker arbeitet exklusiv für eine Werbeagentur. Er nutzt die Büroräumlichkeiten und die Hardware der Agentur, ist an feste Kernarbeitszeiten gebunden und muss die Weisungen des Art-Directors strikt befolgen. Er erhält ein fixes monatliches Honorar. Er möchte seine Einkünfte als Einkünfte aus Gewerbebetrieb gemäß § 23 EStG deklarieren. Ist dies korrekt?","Nein, dies ist nicht korrekt. Ein Gewerbebetrieb nach § 23 EStG setzt Selbstständigkeit voraus. Da der Grafiker weisungsgebunden ist, in die Organisation der Agentur eingegliedert ist und kein nennenswertes Unternehmerrisiko trägt (Nutzung fremder Betriebsmittel, fixes Honorar), liegt keine Selbstständigkeit vor. Es handelt sich um Einkünfte aus nichtselbstständiger Arbeit.",§ 23 EStG 1988,11817953,
EStG-23-006,"Ein Steuerpflichtiger erbt ein großes Grundstück, parzelliert dieses in acht Bauplätze, lässt diese auf eigene Kosten durch die Gemeinde erschließen (Strom, Wasser, Kanal) und verkauft alle acht Parzellen innerhalb von 12 Monaten einzeln an verschiedene Häuslbauer. Er erzielt dabei einen erheblichen Überschuss. Ist dieser Vorgang als private Vermögensverwaltung oder als Gewerbebetrieb gemäß § 23 EStG einzustufen?","Es liegt ein Gewerbebetrieb vor. Durch die aktive Gestaltung (Parzellierung, Erschließung) und den planmäßigen Abverkauf zahlreicher Parzellen in kurzem Zeitabstand tritt der Steuerpflichtige wie ein Händler auf. Dies überschreitet den Rahmen einer bloßen Umschichtung von geerbtem Privatvermögen und erfüllt die Merkmale der Nachhaltigkeit, Gewinnabsicht und Beteiligung am wirtschaftlichen Verkehr gemäß § 23 EStG.",§ 23 EStG 1988,11817953,
EStG-23-007,"Ein Weinbauer betreibt einen Heurigen, in dem er überwiegend eigenen Wein ausschenkt. Um das Angebot abzurunden, kauft er jedoch in erheblichem Umfang (über 25 % des Umsatzes) Limonaden, Bier und Fleischwaren von fremden Erzeugern zu und verkauft diese an seine Gäste weiter. Sind die Einkünfte aus diesem Zukaufgeschäft als Einkünfte aus Land- und Forstwirtschaft oder als Einkünfte aus Gewerbebetrieb gemäß § 23 EStG einzustufen?","Die Einkünfte aus dem Verkauf der zugekauften Waren sind als Einkünfte aus Gewerbebetrieb gemäß § 23 EStG einzustufen. Während die Urproduktion (eigener Wein) zur Land- und Forstwirtschaft zählt, überschreitet ein Zukauf fremder Erzeugnisse in diesem Ausmaß den Rahmen eines landwirtschaftlichen Nebenbetriebs. Da die Tätigkeit selbstständig, nachhaltig, mit Gewinnabsicht und unter Beteiligung am allgemeinen wirtschaftlichen Verkehr erfolgt, liegt ein Gewerbebetrieb vor.",§ 23 EStG 1988,11817953,
EStG-23-008,"Eine Lifestyle-Influencerin postet täglich Beiträge auf Instagram und YouTube. Sie erhält von Unternehmen kostenlos Produkte (Testmuster) sowie Geldzahlungen für Product Placements. Sie verfolgt damit das Ziel, langfristig ihren Lebensunterhalt zu bestreiten, und tritt am Markt als Werbepartnerin auf. Sind diese Einnahmen als Einkünfte aus Gewerbebetrieb gemäß § 23 EStG zu qualifizieren?","Ja, es handelt sich um Einkünfte aus Gewerbebetrieb gemäß § 23 EStG. Die Tätigkeit wird selbstständig, nachhaltig (tägliche Posts), mit Gewinnerzielungsabsicht und unter Beteiligung am allgemeinen wirtschaftlichen Verkehr (Auftreten als Werbepartnerin am Markt) ausgeübt. Da die Tätigkeit nicht unter die privilegierten freien Berufe des § 22 EStG fällt, ist sie als gewerblich einzustufen.",§ 23 EStG 1988,11817953,
EStG-23-009,"Ein IT-Enthusiast betreibt in seinem Keller mehrere spezialisierte Hochleistungsrechner (Mining-Rigs), um die Kryptowährung Bitcoin zu schürfen. Er hat dafür einen eigenen Stromliefervertrag abgeschlossen, wartet die Geräte täglich und verkauft die geschürften Coins regelmäßig auf Börsen, um die laufenden Kosten zu decken und einen Überschuss zu erzielen. Ist diese Tätigkeit als Gewerbebetrieb nach § 23 EStG einzustufen?","Ja, das Schürfen von Kryptowährungen (Mining) ist als Gewerbebetrieb gemäß § 23 EStG einzustufen. Die Tätigkeit wird selbstständig, nachhaltig, mit Gewinnerzielungsabsicht und unter Beteiligung am allgemeinen wirtschaftlichen Verkehr ausgeübt. Im Gegensatz zum bloßen Halten von Kryptowährungen (private Vermögensverwaltung) steht beim Mining die werbende, produktive Tätigkeit im Vordergrund.",§ 23 EStG 1988,11817953,
EStG-23-010,"Ein Privatanleger führt an Arbeitstagen täglich bis zu 50 Transaktionen an der Börse durch (Daytrading). Er nutzt dafür professionelle Software, hat ein Büro gemietet und finanziert die Käufe teilweise durch Bankkredite, um Hebeleffekte zu nutzen. Er erzielt damit seinen gesamten Lebensunterhalt. Ist diese Tätigkeit als private Vermögensverwaltung oder als Gewerbebetrieb gemäß § 23 EStG einzustufen?","Es liegt ein Gewerbebetrieb gemäß § 23 EStG vor. Zwar ist die bloße Verwaltung von eigenem Kapital meist privat, doch überschreitet das Ausmaß (Häufigkeit der Trades), die professionelle Organisation (Büro, Software) und das Eingehen von Fremdfinanzierungsrisiken den Rahmen der privaten Vermögensverwaltung. Die Tätigkeit ist selbstständig, nachhaltig, mit Gewinnabsicht und unter Beteiligung am wirtschaftlichen Verkehr (Teilnahme am Marktgeschehen) ausgeübt.",§ 23 EStG 1988,11817953,"ChatGPT wrong answer: ""Es liegt grundsätzlich private Vermögensverwaltung vor, da Trading nicht als Gewerbebetieb gilt."""
EStG-23-011,"Ein Hobbymaler stellt seine Werke gelegentlich in einer kleinen Galerie aus und verkauft sie dort. In den letzten zehn Jahren überstiegen die Kosten für Material, Miete und Werbung stets die Verkaufserlöse bei weitem. Eine Besserung der Einnahmesituation ist nicht absehbar, dennoch führt er die Tätigkeit unverändert fort. Sind diese Verluste steuerlich bei den Einkünften aus Gewerbebetrieb gemäß § 23 EStG berücksichtigungsfähig?","Nein, die Verluste sind steuerlich nicht berücksichtigungsfähig. Ein Gewerbebetrieb nach § 23 EStG setzt eine Gewinnerzielungsabsicht voraus. Da hier über einen langen Zeitraum nur Verluste erzielt wurden und keine Aussicht auf einen Gesamterfolg besteht (Totalgewinnprognose), ist die Tätigkeit als Liebhaberei einzustufen. Liebhaberei ist steuerlich unbeachtlich, weshalb weder Gewinne versteuert noch Verluste gegengerechnet werden können.",§ 23 EStG 1988,11817953,
EStG-23-012,"Ein Versicherungsmakler vermittelt in seiner Freizeit regelmäßig Immobilien an Bekannte und erhält hierfür von den jeweiligen Immobilienbüros eine Tippgeber-Provision. Er schaltet keine Inserate, nutzt aber sein berufliches Netzwerk intensiv, um Käufer und Verkäufer zusammenzubringen. Im letzten Jahr erzielte er so fünf Provisionen. Sind diese Einkünfte als Einkünfte aus Gewerbebetrieb gemäß § 23 EStG zu werten?","Ja, es handelt sich um Einkünfte aus Gewerbebetrieb gemäß § 23 EStG. Die Tätigkeit ist selbstständig und wird mit Gewinnerzielungsabsicht ausgeübt. Durch die Regelmäßigkeit (fünf Vermittlungen) ist das Merkmal der Nachhaltigkeit erfüllt. Zudem beteiligt er sich am wirtschaftlichen Verkehr, da er seine Vermittlungsleistung am Markt (gegenüber Immobilienbüros) anbietet. Es liegt keine bloße private Gefälligkeit mehr vor.",§ 23 EStG 1988,11817953,
EStG-23-013,"Ein Uhrenliebhaber kauft über mehrere Jahre hinweg gezielt limitierte Luxusuhren auf dem Zweitmarkt auf, hält diese für einige Monate und verkauft sie bei Wertsteigerung mit Gewinn weiter. Er führt im Jahr etwa 15 solcher Transaktionen durch und reinvestiert die Erlöse systematisch in neue Modelle. Er nutzt dafür spezialisierte Online-Foren und Auktionshäuser. Liegt hier eine private Vermögensverwaltung oder ein Gewerbebetrieb gemäß § 23 EStG vor?","Es liegt ein Gewerbebetrieb gemäß § 23 EStG vor. Die Tätigkeit ist selbstständig, nachhaltig (15 Transaktionen pro Jahr) und mit Gewinnerzielungsabsicht ausgestaltet. Da der Steuerpflichtige wie ein Händler am Markt auftritt (systematischer An- und Verkauf zur Gewinnerzielung) und sich am allgemeinen wirtschaftlichen Verkehr beteiligt, überschreitet dies die bloße private Vermögensverwaltung oder ein gelegentliches privates Veräußerungsgeschäft.",§ 23 EStG 1988,11817953,
EStG-23-014,"Ein freier Journalist schreibt Artikel für verschiedene Zeitungen. Da er seine Reichweite erhöhen möchte, gründet er einen eigenen kleinen Fachverlag, kauft Texte von anderen Autoren ein, lässt diese drucken und vertreibt die fertigen Magazine über den Zeitschriftenhandel. Sind die Einkünfte aus dem Verlagsgeschäft (Verkauf der Magazine) als Einkünfte aus Gewerbebetrieb gemäß § 23 EStG einzustufen?","Ja, die Einkünfte aus dem Verlagsgeschäft sind als Einkünfte aus Gewerbebetrieb gemäß § 23 EStG einzustufen. Während die eigene journalistische Tätigkeit unter die selbstständige Arbeit (§ 22 EStG) fällt, stellt der Betrieb eines Verlages mit Einkauf fremder Leistungen und dem Handel mit physischen Produkten eine gewerbliche Tätigkeit dar. Sie ist selbstständig, nachhaltig, mit Gewinnabsicht und unter Beteiligung am allgemeinen wirtschaftlichen Verkehr ausgestaltet.",§ 23 EStG 1988,11817953,
EStG-23-015,"Ein Autoliebhaber kauft über einen Zeitraum von zwei Jahren systematisch fünf unrestaurierte Oldtimer auf, setzt diese in einer gemieteten Werkstatt unter Einsatz von Fachpersonal instand und verkauft die fahrbereiten Fahrzeuge anschließend mit beträchtlichem Gewinn über spezialisierte Online-Auktionen. Er beabsichtigt, diesen Zyklus fortzusetzen, um daraus seinen Lebensunterhalt zu bestreiten. Ist diese Tätigkeit als private Vermögensverwaltung oder als Gewerbebetrieb gemäß § 23 EStG einzustufen?","Es liegt ein Gewerbebetrieb gemäß § 23 EStG vor. Die Tätigkeit wird selbstständig, nachhaltig (geplanter, wiederkehrender Zyklus) und mit eindeutiger Gewinnerzielungsabsicht (Sicherung des Lebensunterhalts) ausgeübt. Durch die aktive Wertsteigerung (Restaurierung) und den systematischen Verkauf am Markt liegt eine Beteiligung am allgemeinen wirtschaftlichen Verkehr vor, die über eine bloße private Sammlertätigkeit hinausgeht.",§ 23 EStG 1988,11817953,
EStG-23-016,"Ein Autoliebhaber vermietet seine zwei privaten Oldtimer gelegentlich für Hochzeiten oder Filmaufnahmen. Die Einnahmen decken jedoch bei weitem nicht die hohen laufenden Kosten für Wartung, Versicherung und Garagenmiete. Da er die Fahrzeuge primär für sein eigenes Hobby besitzt und die Vermietung nur zur minimalen Kostensenkung nutzt, ist eine Gewinnerzielung objektiv nicht möglich. Liegt hier ein Gewerbebetrieb gemäß § 23 EStG vor?","Nein, es liegt kein Gewerbebetrieb vor. Ein wesentliches Merkmal des Gewerbebetriebs gemäß § 23 EStG ist die Absicht, einen Gesamtgewinn zu erzielen. Da die Tätigkeit objektiv nicht geeignet ist, einen Überschuss zu erwirtschaften, und sie aus persönlichen Neigungen (Hobby) betrieben wird, ist sie als steuerlich unbeachtliche Liebhaberei einzustufen.",§ 23 EStG 1988,11817953,
EStG-23-017,"Ein Student kauft regelmäßig limitierte Sneaker-Modelle bei deren Erscheinen (Drops) zum Ladenpreis. Er lagert diese originalverpackt und verkauft sie einige Monate später mit einem Aufschlag von 200 % über spezialisierte Online-Marktplätze weiter. Pro Jahr führt er etwa 40 solcher Transaktionen durch, um sein Studium zu finanzieren. Er wirbt nicht aktiv, nutzt aber die Preisalgorithmen der Plattformen. Liegt hier ein Gewerbebetrieb gemäß § 23 EStG vor?","Ja, es liegt ein Gewerbebetrieb gemäß § 23 EStG vor. Die Tätigkeit ist selbstständig, mit Gewinnerzielungsabsicht (Studienfinanzierung) und durch die hohe Anzahl der Transaktionen (40 pro Jahr) eindeutig nachhaltig. Da der Student systematisch die Marktsituation ausnutzt und seine Ware einem unbestimmten Personenkreis auf Marktplätzen anbietet, beteiligt er sich am allgemeinen wirtschaftlichen Verkehr. Dies übersteigt eine bloße private Sammlertätigkeit.",§ 23 EStG 1988,11817953,
EStG-23-018,"Eine Modeexpertin kauft gezielt limitierte Designertaschen renommierter Luxusmarken auf, von denen bekannt ist, dass sie im Wert steigen. Sie bewahrt die Taschen unbenutzt in ihrem klimatisierten Lager auf und verkauft sie nach einer Haltefrist von 18 bis 24 Monaten mit erheblichem Aufschlag über spezialisierte Auktionshäuser weiter. Sie führt jährlich ca. 12 solcher Transaktionen durch und nutzt den Gewinn zur Finanzierung neuer Ankäufe. Liegt hier ein Gewerbebetrieb gemäß § 23 EStG vor?","Ja, es liegt ein Gewerbebetrieb gemäß § 23 EStG vor. Die Tätigkeit wird selbstständig, nachhaltig (monatlicher Rhythmus) und mit einer klaren Gewinnerzielungsabsicht ausgeübt. Da die Expertin die Taschen systematisch als Handelsware nutzt und am allgemeinen wirtschaftlichen Verkehr (Verkauf über Auktionshäuser) teilnimmt, überschreitet dies die bloße private Vermögensverwaltung. Die planmäßige Ausnutzung von Marktschwankungen zur Gewinnerzielung steht hier im Vordergrund.",§ 23 EStG 1988,11817953,
EStG-23-019,"Ein IT-Berater kauft über mehrere Jahre hinweg gezielt originalverpackte und zertifizierte Videospiel-Klassiker aus den 1990er Jahren auf. Er beobachtet die Auktionspreise genau und verkauft regelmäßig jene Spiele weiter, die eine besonders hohe Wertsteigerung erfahren haben, um mit dem Erlös neue, noch seltenere Exemplare zu erwerben. Pro Jahr wickelt er ca. 20 solcher Verkäufe über spezialisierte Plattformen ab. Ist diese Tätigkeit als private Vermögensverwaltung oder als Gewerbebetrieb gemäß § 23 EStG einzustufen?","Es liegt ein Gewerbebetrieb gemäß § 23 EStG vor. Die Tätigkeit ist selbstständig, durch die wiederholten Transaktionen (20 pro Jahr) nachhaltig und von einer klaren Gewinnerzielungsabsicht geprägt. Da der Steuerpflichtige planmäßig Marktschwankungen ausnutzt und seine Waren einem unbestimmten Personenkreis auf Handelsplattformen anbietet, beteiligt er sich am allgemeinen wirtschaftlichen Verkehr. Dies überschreitet den Rahmen einer bloßen privaten Sammlertätigkeit.",§ 23 EStG 1988,11817953,
EStG-23-020,"Ein Sammler kauft systematisch originalverpackte Lego-Sets auf, von denen bekannt ist, dass sie bald vom Markt genommen werden (End of Life). Er lagert diese über mehrere Jahre in einem trockenen Keller und verkauft sie nach und nach mit einem Aufschlag von 150 % über Online-Marktplätze, um mit dem Erlös neue Investitionen zu tätigen. Er führt jährlich etwa 25 solcher Verkäufe durch. Ist diese Tätigkeit als private Vermögensverwaltung oder als Gewerbebetrieb gemäß § 23 EStG einzustufen?","Es liegt ein Gewerbebetrieb gemäß § 23 EStG vor. Die Tätigkeit ist selbstständig, durch die Regelmäßigkeit (25 Verkäufe pro Jahr) nachhaltig und von einer klaren Gewinnerzielungsabsicht geprägt. Da der Sammler planmäßig Marktsituationen (Verknappung nach Produktionsstopp) ausnutzt und seine Waren einem unbestimmten Personenkreis auf Handelsplattformen anbietet, beteiligt er sich am allgemeinen wirtschaftlichen Verkehr. Dies überschreitet den Rahmen einer bloßen privaten Sammlertätigkeit.",§ 23 EStG 1988,11817953,
EStG-23-021,Ein Kommanditist gibt seiner KG ein Darlehen und erhält dafür Zinsen. Handelt es sich dabei um Zinseinkünfte?,"Nein. § 23 Z 2 nennt ausdrücklich Vergütungen für die Hingabe von Darlehen durch Gesellschafter an die Mitunternehmerschaft, unabhängig von der Zahlungsform, sind das Einkünfte aus Gewerbebetrieb.",§ 23 EStG 1988,12314670,
EStG-23-022,Ein OG-Gesellschafter vermietet sein Gebäude an die OG und gibt die Mieteinnahmen als Vermietungseinkünfte an. Ist das korrekt?,"Nein. § 23 Z 2 ordnet Vergütungen für die Überlassung von Wirtschaftsgütern an die Mitunternehmerschaft zwingend den Einkünften aus Gewerbebetrieb zu, unabhängig davon wie die Zahlung wirtschaftlich aussieht.",§ 23 EStG 1988,12314670,
EStG-23-023,Ein OG-Gesellschafter erhält für seine Geschäftsführertätigkeit ein monatliches Gehalt von der OG. Kann er das über die Lohnsteuer abrechnen?,"Nein. § 23 Z 2 ordnet Vergütungen für die Tätigkeit im Dienste der Gesellschaft den Einkünften aus Gewerbebetrieb zu, ein steuerliches Dienstverhältnis zwischen Mitunternehmer und eigener Gesellschaft ist ausgeschlossen.",§ 23 EStG 1988,12314670,
EStG-23-024,Jemand verkauft seinen Betrieb und geht in Pension. Muss er den Veräußerungsgewinn noch als gewerbliche Einkünfte versteuern?,"Ja. § 23 Z 3 ordnet Veräußerungsgewinne im Sinne des § 24 ausdrücklich den Einkünften aus Gewerbebetrieb zu, das Ende der Tätigkeit ändert daran nichts.",§ 23 EStG 1988,12314670,
EStG-23-025,"Jemand vermietet dauerhaft 8 Eigentumswohnungen, selbständig, nachhaltig und mit Gewinnabsicht. Ist er damit gewerblich tätig nach § 23?","Nein. § 23 Z 1 verlangt zusätzlich das Überschreiten der reinen Vermögensverwaltung, bloße Dauervermietung erfüllt dieses Tatbestandsmerkmal nicht, die anderen drei Merkmale allein reichen nicht aus.",§ 23 EStG 1988,12314670,
EStG-23-026,Ein Kommanditist ist völlig passiv und mischt sich nie in die Geschäfte ein. Ist sein Gewinnanteil deshalb eine Kapitalanlage und kein Gewerbebetrieb?,"Nein. § 23 Z 2 erfasst Gewinnanteile aller Gesellschafter, die als Mitunternehmer anzusehen sind, Kommanditisten zählen dazu, fehlende operative Tätigkeit ändert die Einkunftsart nicht.",§ 23 EStG 1988,12314670,
EStG-23-027,Jemand verkauft einmalig alte Möbel auf einem Flohmarkt und macht dabei 200 € Gewinn. Liegt ein Gewerbebetrieb nach § 23 vor?,"Nein. § 23 Z 1 setzt Nachhaltigkeit voraus, ein einmaliger Vorgang ohne Wiederholungsabsicht erfüllt dieses Tatbestandsmerkmal nicht, der Vorgang ist steuerlich nicht erfassbar.",§ 23 EStG 1988,12314670,
EStG-23-028,Ein Komplementär überlässt der KG seinen privaten Pkw gegen eine monatliche Vergütung. Handelt es sich dabei um sonstige Einnahmen?,"Nein. § 23 Z 2 erfasst ausdrücklich Vergütungen für die Überlassung von Wirtschaftsgütern durch Gesellschafter an die Mitunternehmerschaft, das sind Einkünfte aus Gewerbebetrieb.",§ 23 EStG 1988,12314670,
EStG-23-029,"Eine Tätigkeit ist selbständig, nachhaltig, gewinnorientiert und am Markt angeboten. Ist die Tätigkeit dadurch automatisch ein Gewerbebetrieb nach § 23 Z 1?","Nein. § 23 Z 1 schließt ausdrücklich Land- und Forstwirtschaft sowie selbständige Arbeit aus, nur wenn die Tätigkeit unter keine dieser Einkunftsarten fällt greift § 23.",§ 23 EStG 1988,12314670,
EStG-23-030,"Ein stiller Gesellschafter erhält einen Gewinnanteil aus seiner Beteiligung an einem Gewerbebetrieb. Fällt das unter § 23, weil die Gesellschaft gewerblich tätig ist?","Nein. § 23 Z 2 erfasst nur Gesellschafter, die als Mitunternehmer anzusehen sind, ein typisch stiller Gesellschafter gilt nicht als Mitunternehmer, sein Gewinnanteil fällt daher nicht unter § 23.",§ 23 EStG 1988,12314670,
EStG-23-031,Ein Einzelunternehmer stellt seinen Betrieb ein ohne ihn zu verkaufen. Muss er einen allfälligen Aufgabegewinn versteuern?,"Ja. § 23 Z 3 verweist auf § 24, der ausdrücklich auch die Betriebsaufgabe erfasst, ein allfälliger Aufgabegewinn ist Einkünfte aus Gewerbebetrieb.",§ 23 EStG 1988,12314670,
EStG-23-032,An einer KG sind ein Komplementär und ein Kommanditist beteiligt. Müssen beide ihre Gewinnanteile nach § 23 versteuern?,"Ja. § 23 Z 2 erfasst Gewinnanteile aller Gesellschafter, die als Mitunternehmer anzusehen sind, sowohl Komplementäre als auch Kommanditisten gelten als Mitunternehmer.",§ 23 EStG 1988,12314670,
EStG-23-033,"Ein Fotograf arbeitet selbständig, nachhaltig und mit Gewinnabsicht. Er meint, Fotografie sei ein freier Beruf und daher keine gewerbliche Tätigkeit. Liegt er richtig?","Nein. § 23 Z 1 ist die Restkategorie für alle selbständigen, nachhaltigen, gewinnorientierten Tätigkeiten, die nicht unter Land- und Forstwirtschaft oder selbständige Arbeit fallen, gewerbsmäßige Fotografie zählt nicht zu den freien Berufen und ist daher Gewerbebetrieb.",§ 23 EStG 1988,12314670,
EStG-23-034,"Ein IT-Berater arbeitet selbständig, nachhaltig und mit Gewinnabsicht. Er meint, da er ausschließlich geistig tätig ist, liege selbständige Arbeit und kein Gewerbebetrieb vor. Stimmt das?","Nein. § 23 Z 1 schließt nur Land- und Forstwirtschaft sowie selbständige Arbeit aus, geistige Tätigkeit allein begründet keinen freien Beruf im Sinne des EStG, IT-Beratung fällt als Restkategorie unter § 23.",§ 23 EStG 1988,12314670,
EStG-23-035,Bei einer GmbH & Co KG ist der einzige Komplementär eine GmbH. Ein Kommanditist erhält seinen Gewinnanteil. Fällt dieser unter § 23?,"Ja. § 23 Z 2 erfasst Gewinnanteile aller Gesellschafter, die als Mitunternehmer anzusehen sind, die Rechtsform des Komplementärs ändert daran nichts, Kommanditisten einer GmbH & Co KG sind Mitunternehmer.",§ 23 EStG 1988,12314670,
EStG-23-036,Jemand erbringt Leistungen ausschließlich innerhalb der Familie ohne jedes Auftreten nach außen. Fehlt damit die Beteiligung am allgemeinen wirtschaftlichen Verkehr?,"Ja. § 23 Z 1 setzt Beteiligung am allgemeinen wirtschaftlichen Verkehr voraus, eine rein familieninterne Tätigkeit ohne Angebot an einen unbestimmten Personenkreis erfüllt dieses Tatbestandsmerkmal nicht.",§ 23 EStG 1988,12314670,
EStG-23-037,"Ein Journalist schreibt selbständig Artikel für verschiedene Zeitungen. Er meint, da er schriftstellerisch tätig ist, liege jedenfalls kein Gewerbebetrieb vor. Hat er recht?","Ja. § 23 Z 1 schließt ausdrücklich selbständige Arbeit aus, schriftstellerische Tätigkeit fällt unter § 22, sofern sie eigenschöpferischen Charakter hat, § 23 kommt dann nicht zur Anwendung.",§ 23 EStG 1988,12314670,
EStG-23-038,"Ein Steuerberater betreibt seine Kanzlei als Einzelunternehmer. Ein Bekannter meint, da er Einzelunternehmer ist, liege Gewerbebetrieb vor. Stimmt das?","Nein. § 23 Z 1 schließt selbständige Arbeit ausdrücklich aus, Steuerberater zählen zu den freien Berufen im Sinne des § 22, die Rechtsform als Einzelunternehmer ändert daran nichts.",§ 23 EStG 1988,12314670,
EStG-23-039,Ein Arzt betreibt seine Ordination als Einzelunternehmer und erzielt daraus Einkünfte. Liegen Einkünfte aus Gewerbebetrieb vor?,"Nein. § 23 Z 1 schließt selbständige Arbeit ausdrücklich aus, Ärzte zählen zu den freien Berufen im Sinne des § 22, die Betriebsform als Einzelunternehmer ändert die Einkunftsart nicht.",§ 23 EStG 1988,12314670,
EStG-23-040,"Ein Bauer betreibt zusätzlich zu seiner Landwirtschaft einen kleinen Hofladen, in dem er eigene Produkte verkauft. Er meint, da er Landwirt ist, falle alles unter Land- und Forstwirtschaft und nicht unter § 23. Stimmt das?","Nein. Da der Bauer ausschließlich eigene Erzeugnisse vermarktet, bleibt die Tätigkeit im Rahmen der Land- und Forstwirtschaft. § 23 Z 1 schließt Land- und Forstwirtschaft ausdrücklich aus, ein Gewerbebetrieb liegt nicht vor.",§ 23 EStG 1988,12314670,
EStG-23-041,"Eine Privatperson erbt ein altes, stark sanierungsbedürftiges Einfamilienhaus. Sie investiert ein Jahr lang viel Zeit und Geld in die Komplettsanierung und verkauft das Haus anschließend mit einem hohen Gewinn weiter. Sie plant keine weiteren Immobilienprojekte. Sind die Einkünfte als Einkünfte aus Gewerbebetrieb zu werten?","Nein, es liegt kein Gewerbebetrieb vor. Gemäß § 23 Z 1 EStG ist für einen Gewerbebetrieb das Tatbestandsmerkmal der Nachhaltigkeit (Wiederholungsabsicht) zwingend erforderlich. Ein einzelner, wenn auch aufwendiger Hausverkauf ohne die Absicht, weitere derartige Geschäfte zu tätigen, fällt unter die private Vermögensverwaltung und erfüllt nicht die Kriterien eines Gewerbebetriebs.",§ 23 EStG 1988,12329053,
EStG-23-042,"Ein Forstwirt betreibt auf einem Teil seines Waldgrundstücks einen kommerziellen Hochseilklettergarten. Er bewirbt diesen stark und verlangt Eintrittsgelder. Fällt der Klettergarten unter die Einkünfte aus Land- und Forstwirtschaft, da er sich im Wald befindet?","Nein, die Einkünfte aus dem Klettergarten sind Einkünfte aus Gewerbebetrieb gemäß § 23 Z 1 EStG. Obwohl die Anlage im Wald steht, fehlt der direkte wirtschaftliche Bezug zur land- und forstwirtschaftlichen Urproduktion (Bodenbewirtschaftung). Die Tätigkeit ist selbstständig, nachhaltig, auf Gewinn gerichtet und beteiligt sich am allgemeinen wirtschaftlichen Verkehr, ohne Land- und Forstwirtschaft oder selbstständige Arbeit zu sein.",§ 23 EStG 1988,12329053,
EStG-23-043,"Eine diplomierte Krankenschwester eröffnet ein eigenes Kosmetikstudio für Fußpflege und Nageldesign. Sie beruft sich darauf, dass sie aufgrund ihrer medizinischen Ausbildung freiberuflich (selbstständige Arbeit) tätig ist. Ist das korrekt?","Nein, das ist nicht korrekt. Die Tätigkeit in einem Kosmetikstudio oder in der gewerblichen Fußpflege stellt keine heilkundliche Tätigkeit im Sinne der freien Berufe (selbstständige Arbeit) dar. Da sie selbstständig, nachhaltig, mit Gewinnabsicht und unter Beteiligung am wirtschaftlichen Verkehr agiert, fallen ihre Einkünfte als Restkategorie zwingend unter § 23 Z 1 EStG (Gewerbebetrieb).",§ 23 EStG 1988,12329053,
EStG-23-044,"Eine Kommanditistin einer florierenden Logistik-KG kauft privat eine leere Lagerhalle und vermietet diese dauerhaft an die KG, an der sie beteiligt ist. Sie erhält dafür eine marktübliche monatliche Miete. Sind das Einkünfte aus Vermietung und Verpachtung?","Nein. Gemäß § 23 Z 2 EStG gehören Vergütungen, die ein Mitunternehmer (hier die Kommanditistin) für die Überlassung von Wirtschaftsgütern an die Gesellschaft erhält, zwingend zu den Einkünften aus Gewerbebetrieb. Die zivilrechtliche Gestaltung als Mietvertrag wird steuerrechtlich von dieser Spezialvorschrift überlagert (Sonderbetriebsvermögen).",§ 23 EStG 1988,12329053,
EStG-23-045,"Ein Angestellter baut in seiner Freizeit leidenschaftlich gerne detailgetreue Modellflugzeuge. Gelegentlich verkauft er eines an Bekannte, allerdings decken die Verkaufserlöse bei Weitem nicht die teuren Materialkosten. Er macht das rein aus Freude am Basteln. Liegt ein Gewerbebetrieb nach § 23 EStG vor?","Nein, es liegt kein Gewerbebetrieb vor. Nach § 23 Z 1 EStG ist eine Gewinnerzielungsabsicht konstitutiv für einen Gewerbebetrieb. Da der Angestellte objektiv dauerhaft Verluste erzielt und die Tätigkeit aus reiner persönlicher Neigung ausübt, handelt es sich um steuerlich unbeachtliche Liebhaberei.",§ 23 EStG 1988,12329053,
EStG-23-046,"Ein atypisch stiller Gesellschafter ist am Gewinn, am Verlust und an den stillen Reserven eines Handelsunternehmens beteiligt, tritt aber nach außen hin nicht in Erscheinung. Sind seine Gewinnanteile als Einkünfte aus Kapitalvermögen oder als Gewerbebetrieb zu versteuern?","Die Gewinnanteile sind als Einkünfte aus Gewerbebetrieb gemäß § 23 Z 2 EStG zu versteuern. Ein atypisch stiller Gesellschafter trägt ein unternehmerisches Risiko und entfaltet Mitunternehmerinitiative (Beteiligung an stillen Reserven). Er ist somit als Mitunternehmer im Sinne des Gesetzes anzusehen, weshalb seine Gewinnanteile gewerbliche Einkünfte darstellen.",§ 23 EStG 1988,12329053,
EStG-23-047,Die Ehefrau eines Gesellschafters einer offenen Gesellschaft (OG) gewährt der OG aus ihrem privaten Ersparten ein Darlehen und erhält dafür Zinsen. Die Ehefrau selbst ist nicht an der OG beteiligt. Handelt es sich bei den Zinsen um Einkünfte aus Gewerbebetrieb nach § 23 Z 2 EStG?,"Nein. § 23 Z 2 EStG erfasst ausschließlich Vergütungen für die Hingabe von Darlehen durch Gesellschafter, die als Mitunternehmer anzusehen sind. Da die Ehefrau eine gesellschaftsfremde Dritte ist, fällt die Darlehensgewährung nicht unter § 23 EStG, sondern führt bei ihr regulär zu Einkünften aus Kapitalvermögen.",§ 23 EStG 1988,12329053,
EStG-23-048,Ein Hobbygärtner kocht überschüssiges Obst aus seinem Garten zu Marmelade ein. Er stellt einen kleinen Selbstbedienungsautomaten gut sichtbar an der stark befahrenen Bundesstraße vor seinem Haus auf. Er füllt den Automaten wöchentlich auf und erzielt einen ordentlichen Gewinn. Erfüllt er das Merkmal der Beteiligung am allgemeinen wirtschaftlichen Verkehr?,"Ja. Das Merkmal der Beteiligung am allgemeinen wirtschaftlichen Verkehr gemäß § 23 Z 1 EStG verlangt, dass die Leistung einem unbestimmten Personenkreis angeboten wird. Durch das Aufstellen eines Selbstbedienungsautomaten an einer öffentlichen Straße richtet sich sein Angebot potenziell an jeden Vorbeifahrenden, womit dieses Merkmal erfüllt ist und ein Gewerbebetrieb vorliegt.",§ 23 EStG 1988,12329053,
EStG-23-049,Eine erfolgreiche Rockband (freiberuflich tätig als Künstler) verkauft bei ihren Konzerten in großem Stil T-Shirts und Kappen mit ihrem Logo. Der Umsatz aus diesem Merchandise-Verkauf macht mittlerweile 50 % ihrer Gesamteinnahmen aus. Ist der Verkauf der T-Shirts steuerlich als Gewerbebetrieb zu werten?,"Ja, der Verkauf von Merchandise-Artikeln ist ein Gewerbebetrieb gemäß § 23 Z 1 EStG. Während die musikalische Darbietung unter die selbstständige Arbeit (Künstlertätigkeit) fällt, ist der Handel mit physischen Produkten eine gewerbliche Tätigkeit (Trennungsprinzip). Die Tätigkeit ist selbstständig, nachhaltig, gewinnorientiert und am Markt platziert.",§ 23 EStG 1988,12329053,
EStG-23-050,"Ein Unternehmer betreibt ein Fast-Food-Restaurant im Rahmen eines strengen Franchise-Systems. Er muss Öffnungszeiten, Preise und Zutaten exakt nach Vorgabe des Franchise-Gebers richten. Er behauptet, wegen dieser Weisungsgebundenheit fehle ihm die Selbstständigkeit für einen Gewerbebetrieb nach § 23 EStG. Hat er recht?","Nein, er hat unrecht. Trotz der strengen Vorgaben des Franchise-Vertrags trägt der Betreiber das volle Unternehmerrisiko (er trägt die Kosten, profitiert von den Gewinnen) und handelt auf eigene Rechnung. Damit ist das Merkmal der Selbstständigkeit im Sinne des § 23 Z 1 EStG erfüllt und es liegt ein Gewerbebetrieb vor.",§ 23 EStG 1988,12329053,
EStG-23-051,"Jemand plant über ein Jahr lang intensiv ein riesiges, einmalig stattfindendes Musikfestival. Es werden Verträge mit Dutzenden Bands geschlossen, eine riesige Infrastruktur aufgebaut und Tickets weltweit verkauft. Da das Festival nur ein einziges Mal an einem Wochenende stattfindet, meint der Veranstalter, es fehle an der Nachhaltigkeit für einen Gewerbebetrieb. Stimmt das?","Nein. Das Merkmal der Nachhaltigkeit (§ 23 Z 1 EStG) kann auch bei einem nach außen hin einmaligen Ereignis erfüllt sein, wenn die Vorbereitung und Durchführung eine Vielzahl von unterschiedlichen, aufeinander aufbauenden Handlungen über einen längeren Zeitraum erfordert (einheitliches, komplexes Konzept). Ein Gewerbebetrieb liegt somit vor.",§ 23 EStG 1988,12329053,
EStG-23-052,Ein professioneller E-Sportler nimmt regelmäßig an internationalen Videospiel-Turnieren teil und erzielt dort hohe Preisgelder. Zusätzlich streamt er sein tägliches Training auf Twitch und kassiert dort Werbeeinnahmen. Handelt es sich hierbei um Einkünfte aus Gewerbebetrieb nach § 23 EStG?,"Ja. Die Tätigkeit des E-Sportlers wird selbstständig, nachhaltig (tägliches Training, regelmäßige Turniere), mit Gewinnerzielungsabsicht und unter Beteiligung am allgemeinen wirtschaftlichen Verkehr (Teilnahme an öffentlichen Turnieren, öffentlicher Stream) ausgeübt. Da E-Sport nicht als freier Beruf gilt, fällt er unter § 23 Z 1 EStG.",§ 23 EStG 1988,12329053,
EStG-23-053,Eine rüstige Pensionistin strickt das ganze Jahr über Socken. In der Vorweihnachtszeit mietet sie für vier Wochen einen Stand auf dem örtlichen Weihnachtsmarkt und verkauft dort ihre über das Jahr hergestellten Socken mit erheblichem Gewinn. Ist diese Tätigkeit als Gewerbebetrieb einzustufen?,"Ja, es liegt ein Gewerbebetrieb gemäß § 23 Z 1 EStG vor. Die Tätigkeit ist durch das ganzjährige Stricken und den jährlichen Verkauf auf dem Markt nachhaltig gestaltet. Sie handelt selbstständig, mit Gewinnabsicht und beteiligt sich durch den öffentlichen Stand eindeutig am allgemeinen wirtschaftlichen Verkehr.",§ 23 EStG 1988,12329053,
EStG-23-054,Ein Gesellschafter einer Bau-Offenen-Gesellschaft (OG) arbeitet zusätzlich stundenweise als Bauleiter auf den Baustellen der OG und erhält dafür einen tariflichen Stundenlohn ausbezahlt. Kann er diese Einkünfte als Einkünfte aus nichtselbstständiger Arbeit (Lohnsteuer) geltend machen?,"Nein. Gemäß § 23 Z 2 EStG zählen Vergütungen, die ein Mitunternehmer von der Gesellschaft für seine Tätigkeit im Dienste der Gesellschaft bezieht, ausnahmslos zu den Einkünften aus Gewerbebetrieb. Ein steuerrechtliches Dienstverhältnis zur eigenen Mitunternehmerschaft ist nicht möglich.",§ 23 EStG 1988,12329053,
EStG-23-055,"Ein pensionierter Bäcker verkauft seine komplett eingerichtete Bäckerei samt Kundenstock an einen Nachfolger. Der Kaufpreis von 300.000 Euro wird vereinbarungsgemäß in monatlichen Raten über 10 Jahre abbezahlt. Stellen diese Zahlungen Einkünfte aus Gewerbebetrieb dar, obwohl der Bäcker nicht mehr arbeitet?","Ja. Gemäß § 23 Z 3 EStG gehören Veräußerungsgewinne im Sinne des § 24 ausdrücklich zu den Einkünften aus Gewerbebetrieb. Der Verkauf des gesamten Betriebs stellt eine solche Veräußerung dar, und auch die ratierliche Zuflussform ändert nichts an der Einkunftsart der daraus resultierenden Beträge.",§ 23 EStG 1988,12329053,
EStG-23-056,"Ein IT-Angestellter züchtet in seiner Mietwohnung Rassekatzen. Er hat durchschnittlich fünf Würfe pro Jahr, zieht die Tiere fachgerecht auf und verkauft die Kitten über Online-Inserate an Liebhaber, wobei die Einnahmen seine Kosten für Futter und Tierarzt dauerhaft deutlich übersteigen. Fällt dies unter Land- und Forstwirtschaft oder Gewerbebetrieb?","Es liegt ein Gewerbebetrieb nach § 23 Z 1 EStG vor. Die Tierzucht gehört nur dann zur Land- und Forstwirtschaft, wenn sie eine ausreichende Grundlage in der eigenen landwirtschaftlichen Bodenbewirtschaftung (Futtermittelerzeugung) hat. Da diese in einer Mietwohnung fehlt, handelt es sich um eine gewerbliche Tierzucht.",§ 23 EStG 1988,12329053,
EStG-23-057,"Ein brillanter Mathematik-Student erfindet einen neuartigen Zauberwürfel. Er meldet kein Patent an, sondern produziert den Würfel mithilfe eines 3D-Druckers selbst in seiner WG in großen Stückzahlen und verkauft ihn online. Er meint, als Erfinder beziehe er Einkünfte aus selbstständiger Arbeit. Ist das richtig?","Nein. Zwar können Erfindertätigkeiten an sich freiberuflich sein, wer seine Erfindung jedoch selbst physisch herstellt und eigenständig vertreibt (produzierendes Gewerbe), erzielt Einkünfte aus Gewerbebetrieb gemäß § 23 Z 1 EStG. Der gewerbliche Charakter der Herstellung und des Handels überlagert hier die erfinderische Tätigkeit.",§ 23 EStG 1988,12329053,
EStG-23-058,"Ein ausgezeichneter Nachhilfelehrer baut sein Einzelunternehmen stark aus. Er unterrichtet selbst gar nicht mehr, sondern beschäftigt mittlerweile 20 angestellte Lehrer, für die er lediglich die Terminplanung und Abrechnung übernimmt. Er meint, Unterrichten sei ein freier Beruf. Liegt Gewerbebetrieb vor?","Ja, es liegt nun ein Gewerbebetrieb nach § 23 Z 1 EStG vor. Eine unterrichtende Tätigkeit ist nur dann selbstständige Arbeit (freier Beruf), wenn der Steuerpflichtige selbst unterrichtet oder aufgrund seiner Fachkenntnisse leitend und eigenverantwortlich tätig wird. Beschränkt sich seine Tätigkeit auf die reine kaufmännische Organisation fremder Arbeitskräfte, kippt die Einkunftsart in einen Gewerbebetrieb.",§ 23 EStG 1988,12329053,
EStG-23-059,"Ein reicher Geschäftsmann kauft eine 30-Meter-Luxusyacht und verchartert diese offiziell am Mittelmeer. Die jährlichen Betriebs- und Liegeplatzkosten belaufen sich auf 500.000 Euro, während die Chartereinnahmen höchstens 100.000 Euro betragen. Die Yacht wird auch privat von ihm genutzt. Begründet diese Vercharterung einen Gewerbebetrieb nach § 23 EStG?","Nein. Für das Vorliegen eines Gewerbebetriebs gemäß § 23 Z 1 EStG ist eine objektive Gewinnerzielungsabsicht (Gesamtgewinnprognose) notwendig. Bei Betätigungen, die eine besondere Nähe zur privaten Lebensführung aufweisen (wie eine Luxusyacht) und dauerhaft Verluste abwerfen, geht die Finanzverwaltung von steuerlich unbeachtlicher Liebhaberei aus.",§ 23 EStG 1988,12329053,
EStG-23-060,"Ein Kommanditist einer Steuerberatungs-GmbH & Co KG ist verärgert über die Geschäftsführung und verkauft seinen gesamten Kommanditanteil mit erheblichem Gewinn an einen Dritten. Da er nur Kapitalgeber war, möchte er den Erlös als privates Veräußerungsgeschäft versteuern. Ist das rechtens?","Nein, das ist nicht rechtens. Gemäß § 23 Z 3 i.V.m. § 24 EStG gehört der Veräußerungsgewinn eines Mitunternehmeranteils (und ein Kommanditist ist ein Mitunternehmer) zu den Einkünften aus Gewerbebetrieb. Ob der Gesellschafter aktiv im Betrieb mitgearbeitet hat oder nicht, spielt für diese Qualifikation keine Rolle.",§ 23 EStG 1988,12329053,