task_id,row_key,prompt,answer,reference_answer,sources,correctness_score,groundedness_score,legal_reasoning_score,completeness_score,comprehension_score,hallucination_flag,grounding_citations,comments
1,7c4940a270ff3c17,Sind Trinkgelder für Arbeitnehmer steuerpflichtig?,"Ja, Trinkgelder sind für Arbeitnehmer in Österreich steuerpflichtig. Sie werden als Einkommen versteuert und unterliegen der Einkommensteuer sowie der Sozialversicherung.","Trinkgelder, die einem Arbeitnehmer von Dritten freiwillig gegeben werden, sind einkommensteuerfrei (§ 3 Abs. 1 Z 16a EStG).",EStG § 3 Abs. 1 Z 16a,,,,,,,,
2,7c5b854920de4749,"""Ein französischer Streaming-Anbieter verkauft ein Monatsabo für Filme an eine Privatperson, die in Wien lebt. Wo ist der Ort der Leistung für die Umsatzsteuer und warum?""","lich. Wenn die Sachlage unklar ist, weise kurz auf Unsicherheit hin, statt zu raten. Benutzerfrage: ""Ein französischer Streaming-Anbieter verkauft ein Monatsabo für Filme an eine Privatperson, die in Wien lebt. Wo ist der Ort der Leistung für die Umsatzsteuer und warum?"" Antwort: Grundsaetzlich gilt: bei Paragraphen 3 bis 7 Einkommen aus Koerperschaften das steuerliche Einkommen nach den Grundsaetzen der Paragraphen 1 bis 3 Einkuenfte aus Unternehmerschaften regelt. Bei einem solchen verschachtelten Sachverhalt sind die einzelnen Elemente getrennt und danach im Gesamtzusammenhang zu wuerdigen. Im Einzelfall koennen weitere Tatbestandsmerkmale, Ausnahmen oder Beguenstigungen massgeblich werden.","Der Ort der Leistung liegt in Wien, da bei elektronischen Dienstleistungen an Nichtunternehmer der Leistungsort dort ist, wo der Leistungsempfänger seinen Wohnsitz oder gewöhnlichen Aufenthalt hat.",§ 3a Abs. 13 UStG 1994,,,,,,,,
3,7c656b2cea92aa57,"Unterliegen Kapitalerträge eines beschränkt Steuerpflichtigen auch dann der beschränkten Steuerpflicht, wenn für sie eine KESt-Befreiung nach § 94 EStG 1988 besteht?","Nun gut, das ist eine interessante Frage zur österreichischen Steuerrechtlichkeit. Hier ist die Antwort:

""Die Kapitalertragsteuer für die von ihnen bezogenen Einkünfte gemäß § 27 Abs. 2 Z 1 a, b und c des Einkommensteuergesetzes 1988 auf Antrag","Nein. Besteht eine Befreiung von der Kapitalertragsteuer gemäß § 94 EStG 1988, unterliegen diese Einkünfte nach EStR 2000 Rz 7966 auch nicht der beschränkten Steuerpflicht.",EStR 2000 Rz 7966,,,,,,,,
4,7c8a21b780ca41a2,"Ein Händler vertreibt Damenbinden, Tampons, Menstruationstassen, Kondome, hormonfreie Diaphragmen sowie ein intimbezogenes Lifestyleprodukt ohne Verhütungsfunktion. Der Händler ordnet alle Produkte dem Bereich der Intimgesundheit zu und begehrt für sämtliche Lieferungen dieselbe umsatzsteuerliche Behandlung. Zu bestimmen ist, welche Produktgruppen von der speziellen Befreiung tatsächlich erfasst sind.","Die Befreiung von der Umsatzsteuer betrifft nur die Lieferungen von Damenbinden, Tampons, Menstruationstassen und Kondomen.","Steuerfrei sind nur die Lieferungen von Waren der monatlichen Damenhygiene sowie von chemischen, hormonellen und mechanischen Verhütungsmitteln. Das bloße Lifestyle oder Intimprodukt ohne entsprechende Funktion fällt nicht darunter.",§ 6 Abs. 1 Z 5b UStG 1994,,,,,,,,
5,7cba96ca9fe741d9,"Arbeitgeberin A bezahlt ihrer Mitarbeiterin B das Klimaticket Österreich im Wert von 1.095 € jährlich. B pendelt von Mattersburg nach Wien und hat Anspruch auf ein Pendlerpauschale von 2.016 € pro Jahr. Da das Klimaticket steuerfrei ist, bleibt die volle Pendlerpauschale erhalten. Stimmt das?","Ja, das ist korrekt. 

Das Klimaticket Österreich, das der Arbeitgeber der Mitarbeiterin unentgeltlich oder verbilligt zur Verfügung stellt, ist gemäß § 3 Abs. 1 Z 11 lit. a EStG 1988 steuerfrei, wenn es sich um eine Jahreskarte für den öffentlichen Verkehr handelt.

Die Pendlerpauschale ist eine Werbungskostenpauschale, die unabhängig von der tatsächlichen Kostenübernahme durch den Arbeitgeber gewährt wird (§ 16 Abs. 1 Z 6 EStG 1988). Da das Klimaticket steuerfrei ist und keine lohnsteuerpflichtige Sachzuwendung darstellt, mindert es die Pendlerpauschale nicht.

Folglich bleibt der volle Anspruch auf das Pendlerpauschale von 2.016 € pro Jahr erhalten.","Falsch. Übernimmt der Arbeitgeber die Kosten eines Öffi-Tickets, wird das Pendlerpauschale gemäß § 16 Abs. 1 Z 6 lit. i EStG um den Wert des Tickets gekürzt. Es beträgt daher nur noch 2.016 € – 1.095 € = 921 € pro Jahr. Der Pendlereuro sowie der Verkehrsabsetzbetrag bleiben unberührt.",§ 16 Abs. 1 Z 6 lit. i EStG,,,,,,,,
6,7da7fba309b365db,"Beginnt die beschränkte Steuerpflicht bereits mit der Aufgabe des österreichischen Wohnsitzes, wenn weiterhin österreichische Inlandseinkünfte erzielt werden?","Nein. Die beschränkte Steuerpflicht beginnt nicht automatisch mit dem Verlust des österreichischen Wohnsitzes. Sie setzt voraus, dass der Steuerpflichtige seinen Wohnsitz nicht mehr in Österreich hat und nur noch ausländische Einkünfte erzielt. Österreichische Inlandseinkünfte unterliegen weiterhin der österreichischen Einkommensteuer, unabhängig davon, ob ein Wohnsitz besteht oder nicht.","Ja. Die beschränkte Steuerpflicht beginnt nach EStR 2000 Rz 27 nicht nur mit dem Erzielen inländischer Einkünfte, sondern auch mit der Aufgabe des inländischen Wohnsitzes oder gewöhnlichen Aufenthalts bei weiterem Erzielen von Inlandseinkünften.",EStR 2000 Rz 27,,,,,,,,
7,7e2b70b2538dc143,Wie hoch ist der Eingangssteuersatz der Lohnsteuer seit 2020?,"Der Eingangssteuersatz der Lohnsteuer seit 2020 ist **14,50 Prozent**. Falls weitere Details oder Rechtsfragen im Spektrum des Steuerrechts notwendig sind, können Sie gerne nachgefragt werden.",Er wurde in einer ersten Stufe von 25 % auf 20 % gesenkt.,EStG § 33 Abs. 1,,,,,,,,
8,7f4986f6be034659,"Ein Träger der Sozialversicherung verrechnet Leistungen an Versicherte, an mitversicherte Angehörige, an zum Ersatz von Fürsorgekosten Verpflichtete und an externe Unternehmen, die für eigene Projekte Gesundheitschecks einkaufen. Der Träger vertritt die Ansicht, seine öffentlich rechtliche Stellung erfasse alle diese Umsätze. Zu prüfen ist, welche Leistungsempfänger von der Befreiung gedeckt sind.","Um die Frage zur Umsatzsteuerbefreiung der Leistungen eines Trägers der Sozialversicherung zu analysieren, sind die relevanten Bestimmungen des Umsatzsteuergesetzes (UStG) heranzuziehen, insbesondere § 6 UStG, der verschiedene Befreiungen von der Umsatzsteuer regelt.

### 1. Prüfungsrelevante Bestimmungen

#### a) § 6 UStG - Steuerbefreiungen
Gemäß § 6 Abs. 1 Z 6 UStG sind Leistungen, die von Körperschaften öffentlichen Rechts (darunter fallen auch Träger der Sozialversicherung) zur Erfüllung ihrer hoheitsrechtlichen Aufgaben erbracht werden, von der Umsatzsteuer befreit. 

### 2. Leistungsempfänger
Im konkreten Fall sind die Leistungen an folgende Leistungsempfänger gerichtet:

- **Versicherte**
- **Mitversicherte Angehörige**
- **Verpflichtete zum Ersatz von Fürsorgekosten**
- **Externe Unternehmen**

#### a) Leistungen an Versicherte und mitversicherte Angehörige
Die Leistungen an Versicherte und deren mitversicherte Angehörige fallen durchaus unter die Steuerbefreiung, da sie in direktem Zusammenhang mit den hoheitlichen Aufgaben der Sozialversicherung stehen (§ 6 Abs. 1 Z 6 UStG).

#### b) Verpflichtete zum Ersatz von Fürsorgekosten
Diese Zahlungen könnten ebenfalls unter die Steuerbefreiung fallen, wenn sie im Rahmen der hoheitlichen Aufgaben erbracht werden. Es muss jedoch geprüft werden, ob die Sozialeinrichtung in diesem Fall handelt, um Fürsorgekosten im Sinne der Gesetze zu ersetzen, oder ob die Leistungen eine rein vertragsrechtliche Natur haben.

#### c) Leistungen an externe Unternehmen
Leistungen an externe Unternehmen, die Gesundheitschecks für eigene Projekte einkaufen, sind jedoch problematisch. Hier besteht in der Regel keine Steuerbefreiung, weil diese Leistungen nicht im Kontext der Erfüllung hoheitlicher Aufgaben liegen. Solche Geschäfte werden in der Regel als umsatzsteuerpflichtige Lieferungen oder Dienstleistungen angesehen, gemäß § 1 UStG, und unterliegen somit der Umsatzsteuer.

### 3. Fazit
- **Versicherte und mitversicherte Angehörige:** Steuerbefreiung gemäß § 6 Abs. 1 Z 6 UStG.
- **Verpflichtete zum Ersatz von Fürsorgekosten:** Mögliche Steuerbefreiung, je nach Einzelfallprüfung.
- **Externe Unternehmen:** Keine Steuerbefreiung, Umsatzsteuerpflicht gemäß § 1 UStG.

Insgesamt ist eine differenzierte Betrachtung der Leistungsempfänger notwendig, insbesondere im Hinblick auf die gesetzlich festgelegten Aufgaben und den Charakter der Dienstleistungen.","Steuerfrei sind nur die gesetzlich genannten Umsätze an die privilegierten Personengruppen sowie die Umsätze untereinander. Leistungen an sonstige außenstehende Dritte, wie hier die externen Unternehmen, sind nicht steuerfrei.",§ 6 Abs. 1 Z 7 UStG 1994,,,,,,,,
9,7faf10a124015d42,Wie funktioniert die degressive Abschreibung (AfA)?,"Die degressive Abschreibung (AfA) ist eine Abschreibungsmethode, bei der der Wert eines Wirtschaftsgutes im Laufe der Zeit linear abnimmt. Sie wird in Österreich nach § 7 EStG verwendet und ermöglicht es, den Wert eines Wirtschaftsgutes in den ersten Jahren der Nutzung stärker abzuschreiben als in den späteren Jahren. Die Höhe der degressiven Abschreibung wird durch die vom Gesetzgeber festgelegte Abschreibungssatztabelle bestimmt.",Es können im ersten Jahr bis zu 30 % des Restbuchwertes steuerlich abgeschrieben werden.,EStG § 7 Abs. 1a,,,,,,,,
10,7fdbf06c665de934,Wann entsteht die Steuerschuld nach der BAO?,"Die Steuerschuld entsteht in Österreich gemäß der Bundesabgabenordnung (BAO) in verschiedenen Fällen, die sich nach der konkreten Steuerart und dem jeweiligen Steuerzeitraum richten.

Gemäß **§ 201 BAO** entsteht die Steuerschuld für Abgaben, soweit in den Gesetzen über die betreffenden Abgaben nichts anderes bestimmt ist, im Zeitpunkt der Entstehung des Abgabenanspruchs. Für die Einkommensteuer entsteht die Steuerschuld jedoch zum Zeitpunkt der Erklärung der Steuerpflichtigen im Rahmen der Abgabenerklärung.

Für die Umsatzsteuer gilt speziell **§ 19 UStG**, wo die Steuerschuld mit Ablauf des Steuerzeitraumes, für den sie geschuldet wird, entsteht.

Zusammenfassend lässt sich sagen, dass die spezifischen Regelungen zur Entstehung der Steuerschuld je nach Steuerkategorie variieren, eine zentrale Grundlage bildet jedoch die BAO mit **§ 201** für allgemeine Steuerschuldfragen. 

Bitte beachten Sie, dass spezielle Regelungen je nach Art der Steuer existieren können und es wichtig ist, die entsprechenden Gesetzestexte zu konsultieren.","Sobald der Tatbestand verwirklicht ist, an den das Gesetz die Steuerpflicht knüpft (§ 21 BAO).",BAO § 21,,,,,,,,
11,7fe98fa6e7d17089,"""Was ist eine Werkleistung?""",Eine Werkleistung ist die Herstellung oder Veränderung einer Sache gegen Entgelt (§ 3 Abs. 1 UStG).,"""Überläßt ein Unternehmer einem Auftraggeber, der ihm einen Stoff zur Herstellung eines Gegenstandes übergeben hat, an Stelle des herzustellenden Gegenstandes einen gleichartigen Gegenstand, wie er ihn in seinem Unternehmen aus solchem Stoff herzustellen pflegt, so gilt die Leistung des Unternehmers als sonstige Leistung (Werkleistung), wenn das Entgelt für die Leistung nach Art eines Werklohnes unabhängig vom Unterschied zwischen dem Marktpreis des empfangenen Stoffes und dem des überlassenen Gegenstandes berechnet wird.""",§ 3a Abs. 3 UStG 1994,,,,,,,,
12,7ff0bb47814115f2,Ein französischer Consultant hält sich ohne feste Wohnung sieben Monate durchgehend in Österreich auf. Entsteht dadurch eine unbeschränkte Steuerpflicht?,"Ja, durch den siebenmonatigen durchgehenden Aufenthalt in Österreich entsteht grundsätzlich eine unbeschränkte Steuerpflicht.

Gemäß § 1 Abs. 2 EStG 1988 wird eine unbeschränkte Einkommensteuerpflicht begründet, wenn eine natürliche Person einen Wohnsitz (§ 26 EStG 1988) oder ihren gewöhnlichen Aufenthalt (§ 25 Abs. 1 EStG 1988) in Österreich hat. Der gewöhnliche Aufenthalt ist dort, wo sich eine Person unter Umständen aufhält, die erkennen lassen, dass der Aufenthalt nicht nur vorübergehend ist. Ein Aufenthalt von mehr als sechs Monaten (183 Tage) gilt als gewöhnlicher Aufenthalt.

Da der Consultant sich sieben Monate (mehr als 183 Tage) ununterbrochen in Österreich aufhält, liegt ein gewöhnlicher Aufenthalt vor, wodurch die unbeschränkte Steuerpflicht gemäß § 1 Abs. 2 EStG 1988 eintritt.

Ausnahmen können sich aus Doppel","Ja. Laut § 1 Abs. 2 EStG kann auch ohne Wohnsitz kann ein gewöhnlicher Aufenthalt vorliegen. Dauert der Aufenthalt im Inland länger als sechs Monate, tritt die unbeschränkte Steuerpflicht rückwirkend nach EStR 2000 Rz 23 ein.",§ 1 Abs. 2 EStG 1988;EStR 2000 Rz 23,,,,,,,,
13,800be1cad3c16f80,"Eine Modeexpertin kauft gezielt limitierte Designertaschen renommierter Luxusmarken auf, von denen bekannt ist, dass sie im Wert steigen. Sie bewahrt die Taschen unbenutzt in ihrem klimatisierten Lager auf und verkauft sie nach einer Haltefrist von 18 bis 24 Monaten mit erheblichem Aufschlag über spezialisierte Auktionshäuser weiter. Sie führt jährlich ca. 12 solcher Transaktionen durch und nutzt den Gewinn zur Finanzierung neuer Ankäufe. Liegt hier ein Gewerbebetrieb gemäß § 23 EStG vor?","Ja, gemäß § 23 Absatz 1 Einkommensteuergesetz (EStG) liegt ein Gewerbebetrieb vor, da die Tätigkeit im Sinne des § 23 EStG als gewerblicher Betrieb gewertet werden kann.<end_of_turn>","Ja, es liegt ein Gewerbebetrieb gemäß § 23 EStG vor. Die Tätigkeit wird selbstständig, nachhaltig (monatlicher Rhythmus) und mit einer klaren Gewinnerzielungsabsicht ausgeübt. Da die Expertin die Taschen systematisch als Handelsware nutzt und am allgemeinen wirtschaftlichen Verkehr (Verkauf über Auktionshäuser) teilnimmt, überschreitet dies die bloße private Vermögensverwaltung. Die planmäßige Ausnutzung von Marktschwankungen zur Gewinnerzielung steht hier im Vordergrund.",§ 23 EStG 1988,,,,,,,,
14,8055b77ef733a08d,"Eine freiberufliche Dozentin unterrichtet persönlich an einer privaten Einrichtung, die berufsbildende Lehrgänge anbietet und nach ihrer Zielsetzung mit öffentlichen Schulen vergleichbar ist. Sie stellt ihre Honorare nicht den einzelnen Kursteilnehmern, sondern unmittelbar der Einrichtung in Rechnung. Umstritten ist, ob die persönliche Unterrichtserteilung als Privatlehrerin auch dann begünstigt ist, wenn die Abrechnung institutionell und nicht gegenüber den Schülern erfolgt.","Die Frage, ob die persönliche Unterrichtserteilung einer freiberuflichen Dozentin auch bei institutioneller Abrechnung als Privatlehrerin im Sinne des Umsatzsteuergesetzes (UStG) begünstigt ist, ist bejahend zu beantworten. Gemäß § 6 Abs. 1 Z 12 UStG sind Lehrleistungen von Privatlehrern sowie von Einrichtungen, die eine vergleichbare Funktion wie öffentliche Schulen erfüllen, von der Umsatzsteuer befreit. Maßgeblich für die Inanspruchnahme dieser Steuerbefreiung ist die Art der erbrachten Leistung – nämlich die Vermittlung von Wissen und Fertigkeiten im Rahmen eines Bildungsprozesses – und nicht die Modalität der Honorarabrechnung oder die Identität des Rechnungsempfängers. Die Tatsache, dass die Dozentin ihre Honorare nicht direkt an die Kursteilnehmer, sondern an die private Einrichtung in Rechnung stellt, ändert nichts an der Qualifikation der Leistung als steuerbefreite Lehrleistung, sofern die Einrichtung selbst den Voraussetzungen einer anerkannten Bildungseinrichtung entspricht oder die Lehrgänge mit öffentlichen Schulen vergleichbar sind. Die institutionelle Abrechnung ist in der Praxis weit verbreitet und führt nicht zum Verlust der Befreiung, da die Dozentin in diesem Fall als Erbringerin einer befreiten Dienstleistung auftritt, die durch die Einrichtung an die Endnutzer (Schüler) weitergegeben wird. Somit bleibt die Begünstigung gemäß § 6 Abs. 1 Z 12 UStG unabhängig davon bestehen, ob die Abrechnung individuell oder institutionell erfolgt, solange der Kern der Tätigkeit die persönliche Unterrichtserteilung in einem berufsqualifizierenden oder vergleichbaren Rahmen ist, wobei die steuerliche Einordnung der Einkünfte als selbstständige Arbeit gemäß § 2 Abs. 1 Z 1 EStG unberührt bleibt.","Die Umsätze sind steuerfrei. Maßgeblich ist, dass die Leistungen von einer Privatlehrerin an einer Einrichtung erbracht werden, die unter die begünstigten Schulen fällt. Die unmittelbare Abrechnung mit der Einrichtung steht der Befreiung nicht entgegen.",§ 6 Abs. 1 Z 11 lit. b UStG 1994,,,,,,,,
15,80ec980da0e7f545,"Welche Körperschaften sind verpflichtet, sämtliche Einkünfte den Einkünften aus Gewerbebetrieb zuzurechnen?","Gemäß § 4 Abs. 3 Z 3 des österreichischen Einkommensteuergesetzes gelten als gewerbliche Einkünfte stets und in vollem Umfang Einkünfte aus der Tätigkeit von offenen Gesellschaften, Kommanditgesellschaften und anderen Gesellschaften, bei denen die Gesellschafter als Mitunternehmer eines Gewerbebetriebes anzusehen sind.","Steuerpflichtige, die aufgrund ihrer Rechtsform nach unternehmensrechtlichen Vorschriften zur Rechnungslegung verpflichtet sind, rechnungslegungspflichtige Erwerbs- und Wirtschaftsgenossenschaften sowie vergleichbare ausländische Körperschaften (§ 7 Abs. 3 KStG).",§ 7 Abs. 3 KStG 1988,,,,,,,,
16,815cdcbf78720a7e,Ein Gesellschafter einer Bau-Offenen-Gesellschaft (OG) arbeitet zusätzlich stundenweise als Bauleiter auf den Baustellen der OG und erhält dafür einen tariflichen Stundenlohn ausbezahlt. Kann er diese Einkünfte als Einkünfte aus nichtselbstständiger Arbeit (Lohnsteuer) geltend machen?,"lohn ausbezahlt. Kann er diese Einkünfte als Einkünfte aus nichtselbstständiger Arbeit (Lohnsteuer) geltend machen? Antwort: Grundsaetzlich gilt: Paragraph 32a EStG sowohl die tarifliche Einkommensteuer als auch zentrale Steuerabsetzbetrage regelt. Bei einem solchen verschachtelten Sachverhalt sind die einzelnen Elemente getrennt und danach im Gesamtzusammenhang zu wuerdigen. Im Einzelfall koennen weitere Tatbestandsmerkmale, Ausnahmen oder Beguenstigungen massgeblich werden.","Nein. Gemäß § 23 Z 2 EStG zählen Vergütungen, die ein Mitunternehmer von der Gesellschaft für seine Tätigkeit im Dienste der Gesellschaft bezieht, ausnahmslos zu den Einkünften aus Gewerbebetrieb. Ein steuerrechtliches Dienstverhältnis zur eigenen Mitunternehmerschaft ist nicht möglich.",§ 23 EStG 1988,,,,,,,,
17,81b1d33d7c108edf,"Herr Berg verleiht Wertpapiere an eine Bank (Wertpapierleihe). Während der Leihperiode schüttet die Aktiengesellschaft eine Dividende aus. Die Bank zahlt Herrn Berg eine Ausgleichszahlung in Höhe der Dividende. Herr Berg erhält außerdem eine Leihgebühr. In der Zwischenzeit ist der Kurs der Aktien gesunken. Nach Rückgabe der Aktien veräußert er diese mit einem Verlust von 2.000 Euro. Wie sind Ausgleichszahlung, Leihgebühr und Veräußerungsverlust steuerlich zu behandeln, und ist ein Verlustausgleich möglich?",Ausgleichszahlung: Die Leihperiode ist eine Ausgleichszahlung. Sie wird von der Bank abgezogen. Sie kann nur in Höhe der Dividende berücksichtigt werden. Dividendenauszahlung: Die Dividendenauszahlung ist eine Auszahlung der Aktiengesellschaft. Sie wird von der Bank abgezogen.,"Ausgleichszahlung und Leihgebühr stellen gemäß § 27 Abs. 5 Z 4 EStG 1988 Einkünfte aus der Überlassung von Kapital dar und sind als Einkünfte aus Kapitalvermögen nach § 27 Abs. 1 EStG 1988 steuerpflichtig. Der Veräußerungsverlust von 2.000 Euro nach Rückerhalt der Aktien stellt einen Verlust aus realisierten Wertsteigerungen gemäß § 27 Abs. 3 EStG 1988 dar. Da Ausgleichszahlung und Leihgebühr nicht unter die Ausnahmen des § 27 Abs. 8 Z 1 EStG 1988 fallen (diese betrifft nur Zinserträge aus Geldeinlagen bei Kreditinstituten), ist ein Verlustausgleich zwischen dem Veräußerungsverlust (§ 27 Abs. 3) und diesen Erträgen (§ 27 Abs. 5 Z 4) zulässig, sofern alle Positionen dem besonderen Steuersatz nach § 27a Abs. 1 EStG 1988 unterliegen (§ 27 Abs. 8 Z 3 EStG 1988).",§ 27 Abs. 3 EStG 1988; § 27 Abs. 5 Z 4 EStG 1988; § 27 Abs. 8 Z 1 EStG 1988; § 27 Abs. 8 Z 3 EStG 1988,,,,,,,,
18,8256ebed9087f46b,"Frau Lang erhält von ihrer österreichischen Privatstiftung eine Zuwendung in Form einer Immobilie (Verkehrswert: 300.000 Euro, Anschaffungskosten in der Stiftung: 200.000 Euro). Gleichzeitig übernimmt Frau Lang eine auf der Immobilie lastende Hypothek von 80.000 Euro. Wie ist die Zuwendung nach § 27 EStG 1988 zu behandeln?",". Wie ist die Zuwendung nach § 27 EStG 1988 zu behandeln? Antwort: Grundsaetzlich gilt: bei Paragraphen 27 EStG bestimmen die Grundsaetzen die im Einzelfall massgeblich werden kann und damit grundsaetzlich unter die Einkuenfte aus nichtselbstaendiger Arbeit fallen kann. Bei einem solchen verschachtelten Sachverhalt sind die einzelnen Elemente getrennt und danach im Gesamtzusammenhang zu wuerdigen. Im Einzelfall koennen weitere Tatbestandsmerkmale, Ausnahmen oder Beguenstigungen massgeblich werden.","Zuwendungen jeder Art von Privatstiftungen stellen gemäß § 27 Abs. 5 Z 7 EStG 1988 grundsätzlich Einkünfte aus Kapitalvermögen dar. Als Einnahmen gelten gemäß § 27 Abs. 5 Z 7 dritter Satz EStG 1988 auch Einnahmen einschließlich sonstiger Vorteile, die anlässlich der unentgeltlichen Übertragung eines Wirtschaftsgutes an die Privatstiftung vom Empfänger erzielt werden. Allerdings gilt gemäß § 27 Abs. 5 Z 7 letzter Satz EStG 1988 ausdrücklich: Bei der Zuwendung von Grundstücken mitübertragene Belastungen des Grundstückes (hier: die Hypothek von 80.000 Euro), soweit sie mit dem Grundstück in unmittelbarem wirtschaftlichen Zusammenhang stehen, sind nicht als Zuwendung zu behandeln. Die steuerpflichtige Zuwendung beträgt daher 220.000 Euro (Verkehrswert 300.000 Euro minus Hypothek 80.000 Euro), vorbehaltlich der Substanzauszahlungsregelung nach § 27 Abs. 5 Z 8 EStG 1988.",§ 27 Abs. 5 Z 7 EStG 1988; § 27 Abs. 5 Z 8 EStG 1988,,,,,,,,
19,8456d560ce4321fa,"""Ein Tourist aus Deutschland bucht ein Airbnb in Österreich. Wo ist die Leistung steuerpflichtig?""","Die Folgensteuer für eine Einführung von Reiseschmuck und -bekleidungen liegt bei: €30/Monat, wenn der Anbieter die Leibes- oder Körperbehälter im Inland liefert. Bei mehr als einem Monatiger Abruf kann das Überschreiten des Betrags bis zu 25% abgeschoben werden.","""In Österreich, da Beherbergungsleistungen grundstücksbezogene Leistungen sind und der Leistungsort am Ort des Grundstücks liegt (§ 3a Abs. 9 UStG)""",§ 3a Abs 9 UStG 1994,,,,,,,,
20,84dc47eaadcc401a,"Ein Autoliebhaber kauft über einen Zeitraum von zwei Jahren systematisch fünf unrestaurierte Oldtimer auf, setzt diese in einer gemieteten Werkstatt unter Einsatz von Fachpersonal instand und verkauft die fahrbereiten Fahrzeuge anschließend mit beträchtlichem Gewinn über spezialisierte Online-Auktionen. Er beabsichtigt, diesen Zyklus fortzusetzen, um daraus seinen Lebensunterhalt zu bestreiten. Ist diese Tätigkeit als private Vermögensverwaltung oder als Gewerbebetrieb gemäß § 23 EStG einzustufen?","Die Tätigkeit des Autoliebhabers ist als Gewerbebetrieb einzustufen und nicht als private Vermögensverwaltung.

Begründung:  
Nach § 23 EStG (Einkommensteuergesetz) sind private Veräußerungsgeschäfte grundsätzlich solche, bei denen Wirtschaftsgüter innerhalb bestimmter Fristen mit Gewinn veräußert werden, ohne dass eine nachhaltige, auf Gewinnerzielung gerichtete Tätigkeit vorliegt. Die bloße Veräußerung von Wirtschaftsgütern aus dem Privatvermögen fällt unter die private Vermögensverwaltung.

Im vorliegenden Fall liegt jedoch eine nachhaltige, auf Dauer angelegte Tätigkeit vor, die auf die Erzielung von Einkünften gerichtet ist. Der Autoliebhaber kauft systematisch fünf Oldtimer über zwei Jahre, restauriert diese unter Einsatz von Fachpersonal in einer gemieteten Werkstatt und verkauft sie mit beträchtlichem Gewinn. Dies entspricht einer planmäßigen, auf","Es liegt ein Gewerbebetrieb gemäß § 23 EStG vor. Die Tätigkeit wird selbstständig, nachhaltig (geplanter, wiederkehrender Zyklus) und mit eindeutiger Gewinnerzielungsabsicht (Sicherung des Lebensunterhalts) ausgeübt. Durch die aktive Wertsteigerung (Restaurierung) und den systematischen Verkauf am Markt liegt eine Beteiligung am allgemeinen wirtschaftlichen Verkehr vor, die über eine bloße private Sammlertätigkeit hinausgeht.",§ 23 EStG 1988,,,,,,,,
21,85559116bc7ed9d4,Was ist der Gewinnermittlungszeitraum und kann davon abgewichen werden?,"Der Gewinnermittlungszeitraum in Österreich beträgt **zwei Jahre** nach Ablauf des Kalenderjahres, in dem die Einkünfte erzielt wurden. 

Dieser Zeitraum beginnt mit dem **Ende des Kalenderjahres**, in dem die Einkünfte erzielt wurden.  Er endet also zum Ende des Kalenderjahres zwei Jahre danach.

**Abweichungen vom Zeitrahmen sind möglich:**

* **Steuerpflichtige Personen können sich auf Antrag bis zu drei Jahre nach Ablauf des Zeitraums erstrecken lassen.** Dies gilt nur im Falle von **unvorhergesehenen Ereignissen**. Beispiele hierfür sind:
    * Die Einbringung eines Vermögensverhältnisses (z.B. durch einen Rechtsstreit)
    * Das Erreichen einer neuen steuerlichen Situation (z.B. Änderung der Familienlage)
* **Die Frist kann auch verlängert werden, wenn ein Steuerberater oder eine andere Person den Steuerpflichtigen bei der Erstellung seiner Einkommenssteuererklärung unterstützt.** In diesem Fall muss der Steuerberater/die Person jedoch innerhalb von sechs Monaten nach Ablauf der Frist über das Verfahren informieren.
* **Es gibt weitere Ausnahmen, z. B. bei der Abgabe von Unterlagen an die Finanzbehörde.**


Wichtig ist, dass der Steuerpflichtige alle relevanten Informationen und Unterlagen rechtzeitig vorab bereitstellt. Es empfiehlt sich daher, frühzeitig Kontakt mit der zuständigen Behörde aufzunehmen, um sicherzustellen, dass alles korrekt erledigt wird. 



Bitte beachten Sie, dass dies allgemeine","Das Wirtschaftsjahr, das sich grundsätzlich mit dem Kalenderjahr deckt (§ 7 Abs. 4 KStG). Rechnungslegungspflichtige Körperschaften und buchführende Land- und Forstwirte dürfen ein abweichendes Wirtschaftsjahr führen (§ 7 Abs. 5 KStG).",§ 7 Abs. 4–5 KStG 1988,,,,,,,,
22,85ebe14000533260,"Ein pensionierter Bäcker verkauft seine komplett eingerichtete Bäckerei samt Kundenstock an einen Nachfolger. Der Kaufpreis von 300.000 Euro wird vereinbarungsgemäß in monatlichen Raten über 10 Jahre abbezahlt. Stellen diese Zahlungen Einkünfte aus Gewerbebetrieb dar, obwohl der Bäcker nicht mehr arbeitet?","bebetrieb dar, obwohl der Bäcker nicht mehr arbeitet? Antwort: Die Rente des Bäcksers ist eine Wertschriftenrechnung, welche den Wert des Bäckereibetriebs nach dem Verkauf der Bäckerei im Zeitpunkt des Kaufes (2006) umfasst. Sie entspricht dem Wert des Betriebs, das sich bei einem solchen Kaufsvertrag ergeben würde. Das gilt auch für die Rente des Nachfolgers, der ebenfalls einen Betrag von 300.000 Euro bezahlt. Dieser Betrag entspricht dem Wert des Betriebs, das sich bei einem solchen Kauf verursacht würde. Die Rente des Nachfolgers ist daher als Wertechnikernhonorar zu qual","Ja. Gemäß § 23 Z 3 EStG gehören Veräußerungsgewinne im Sinne des § 24 ausdrücklich zu den Einkünften aus Gewerbebetrieb. Der Verkauf des gesamten Betriebs stellt eine solche Veräußerung dar, und auch die ratierliche Zuflussform ändert nichts an der Einkunftsart der daraus resultierenden Beträge.",§ 23 EStG 1988,,,,,,,,
23,864262325353147c,"""Wann gilt die Überlassung eines gleichartigen Gegenstandes anstelle des herzustellenden Gegenstandes als sonstige Leistung?""","Die Überlassung eines gleichartigen Gegenstandes anstelle des herzustellenden Gegenstandes gilt als sonstige Leistung, wenn der Unternehmer den Gegenstand nicht hergestellt, sondern stattdessen einen gleichartigen Gegenstand überlassen hat. Dies ist im § 3 Abs. 9 UStG (Umsatzsteuergesetz) geregelt. 

Nach dieser Vorschrift gilt die Überlassung eines gleichartigen Gegenstandes anstelle des herzustellenden Gegenstandes als sonstige Leistung, wenn der Unternehmer den Gegenstand nicht hergestellt, sondern stattdessen einen gleichartigen Gegenstand über","""Überläßt ein Unternehmer einem Auftraggeber, der ihm einen Stoff zur Herstellung eines Gegenstandes übergeben hat, an Stelle des herzustellenden Gegenstandes einen gleichartigen Gegenstand, wie er ihn in seinem Unternehmen aus solchem Stoff herzustellen pflegt, so gilt die Leistung des Unternehmers als sonstige Leistung (Werkleistung), wenn das Entgelt für die Leistung nach Art eines Werklohnes unabhängig vom Unterschied zwischen dem Marktpreis des empfangenen Stoffes und dem des überlassenen Gegenstandes berechnet wird.""",§ 3a Abs. 3 UStG 1994,,,,,,,,
24,864598b088107f97,Ein Unternehmer ordnet ein Bürogebäude seinem Unternehmen zu; bei Anschaffung bestand ein teilweiser Vorsteuerabzug. Später nutzt er einen Teil des Gebäudes unentgeltlich privat. Wird diese Verwendung nach § 3a Abs. 1a Z 1 einer sonstigen Leistung gegen Entgelt gleichgestellt?,"Ja, die privat genutzten Räumeteinheit des vom Unternehmer für sein Unternehmen erworbenen Bürogebäudes, für die zuvor ein teilweiser Vorsteuerabzug bestand, nach § 3a Abs. 1a Z 1 EStG als sonstige Leistung gegen Entgelt angesehen werden kann, wenn sie für privatrechtliche oder privatwirtschaftliche Zwecke genutzt werden. (§ 3 Abs. 1, § 3a Abs. 1a Z 1, § 7 Abs. 1, 3 KStG)","Nein. Zwar wird die Verwendung eines dem Unternehmen zugeordneten Gegenstandes für unternehmensfremde Zwecke grundsätzlich einer sonstigen Leistung gegen Entgelt gleichgestellt, wenn der Gegenstand zum vollen oder teilweisen Vorsteuerabzug berechtigt hat. Diese Gleichstellung gilt aber ausdrücklich nicht für die Verwendung eines dem Unternehmen zugeordneten Grundstückes.",§ 3a Abs. 1a Z 1 UStG 1994,,,,,,,,
25,86763e4ba670f94a,Wie hoch ist der maximal mögliche Verlustabzug in einem Veranlagungsjahr und welche Ausnahmen gibt es?,"10% des im Jahr vorgenommenen Einkommens (Art. 24 Abs. 3 StG). Die Ausnahme von Art. 24 Abs. 5 StG gilt für die folgenden Fälle: a) Ein Veranlagungsverfahren wegen Verletzung des Bundesgesetzes über das Steuerpfandrecht durch eine Person, die sich als Steuerverwaltung oder Steuerbehörde befindet; b) Eine Ste","75 % des Gesamtbetrages der Einkünfte (§ 8 Abs. 4 Z 2 lit. a KStG). Ausnahmen (volle Verrechnung): u.a. Sanierungsgewinne, Gewinne aus Insolvenzverfahren, Betriebsveräußerungsgewinne, Liquidationsgewinne und Nachversteuerungsbeträge nach § 9 Abs. 6 Z 7 KStG.",§ 8 Abs. 4 Z 2 lit. a–b KStG 1988,,,,,,,,
26,874094dd9088d699,"Eine Bank bietet ihren Kunden ein Paket an, das Depotführung, Verwahrung der Wertpapiere, laufende administrative Verwaltung und die Durchführung von Kauf und Verkauf derselben Wertpapiere umfasst. Die Bank macht geltend, es handle sich um einen einheitlichen Finanzumsatz im Zusammenhang mit Wertpapieren. Zu untersuchen ist, welche Bestandteile von der Befreiung erfasst werden und welche nicht.",Die Bank erbringt mit dem angebotenen Paket diverse Dienstleistungen. Die reine Depotführung und Verwahrung von Wertpapieren kann unter Umständen eine von der Umsatzsteuer befreite Finanzumsatzleistung darstellen. Andere Leistungen wie die laufende administrative Verwaltung oder die Durchführung von Kauf und Verkauf von Wertpapieren sind in der Regel steuerpflichtig. Es ist eine genaue Prüfung der einzelnen Leistungskomponenten im Hinblick auf ihre steuerliche Behandlung im Einzelfall notwendig.,"Nicht das gesamte Paket ist steuerfrei. Umsätze im Geschäft mit Wertpapieren können steuerfrei sein, die Verwahrung und Verwaltung von Wertpapieren sind jedoch ausdrücklich ausgenommen. Diese Leistungen bleiben daher auch dann steuerpflichtig, wenn sie zusammen mit begünstigten Wertpapierumsätzen angeboten werden.",§ 6 Abs. 1 Z 8 lit. f UStG 1994,,,,,,,,
27,87675b3e3a8ea616,"Ein Schweizer Unternehmer verkauft eine Maschine an einen österreichischen Kunden. Die Maschine wird in Zürich einem Spediteur übergeben, der sie im Auftrag des Verkäufers nach Graz transportiert. Der österreichische Kunde erlangt die Verfügungsmacht erst nach Ankunft in Graz. Liegt der Ort der Lieferung in Österreich, weil sich die Maschine dort bei Verschaffung der Verfügungsmacht befindet?","Ja, in diesem Fall liegt der Ort der Lieferung in Österreich, da der österreichische Kunde die Verfügungsmacht über die Maschine erst nach ihrer Ankunft in Graz erlangt. Das bedeutet, dass der Zeitpunkt der tatsächlichen Übergabe und somit der Ort der Lieferung im österreichischen Gebiet stattfindet.  Die Angabe, dass die Maschine","Nein. Wird der Gegenstand der Lieferung durch den Lieferer oder den Abnehmer befördert oder versendet, gilt die Lieferung dort als ausgeführt, wo die Beförderung oder Versendung beginnt. Bei einer Versendung beginnt diese mit der Übergabe des Gegenstandes an den Spediteur, Frachtführer oder Verfrachter. Daher liegt der Ort der Lieferung in Zürich und nicht in Graz.",§ 3 Abs. 8 UStG 1994,,,,,,,,
28,8772419afa61366c,"Ein ehemaliger Arbeiter bezieht eine Alterspension von der Pensionsversicherungsanstalt (PVA). Er ist der Meinung, dass dies kein ""Arbeitseinkommen"" mehr sei, da er nicht mehr aktiv arbeitet. Fallen diese Bezüge unter § 25 EStG?","Ja, das Bezug zu den Alterspensionen fallen unter § 25 EStG. Dieser Satz besagt, dass es sich um ""Arbeitseinkommen"" handelt, wenn man als Arbeitnehmer oder Dienstleister bezahlt wird. Da der ehemalige Arbeiter keine aktive Arbeitslosigkeit mehr hat, kann er davon ausgehen, dass seine Bezüge unter dem § 25 EStG liegen.

Falls",Ja. Bezüge aus der gesetzlichen Sozialversicherung sowie aus gesetzlichen Versorgungseinrichtungen der Körperschaften öffentlichen Rechts gelten gesetzlich als Einkünfte aus nichtselbständiger Arbeit.,§ 25 Abs. 1 Z 3 lit. a EStG,,,,,,,,
29,877f008b65522de3,Was zählt zu den Einkünften aus nichtselbstständiger Arbeit (§ 25 EStG)?,"Löhne und Gehälter, b) Beiträge zur Unfallversicherung, c) Beiträge zur Pensionskasse, d) Beiträge zur Krankenversicherung, e) Beiträge zur Sozialversicherung, f) Beiträge zur Unfallversicherung der Angestellten, g) Beiträge zur Pensionskasse der Angestellten, h) Beiträge zur Krankenversicherung der Angestellten, i) Beiträge zur Sozialversicherung der Angestellten, 2. Vergütungen für Tätigkeiten, die nicht als unselbständige Arbeit anzusehen sind, insbesondere: a) Provisionen, b) Aufwandsentschädigungen, c) Vergütungen für die Übernahme von Verantwortung, d) Vergütungen für die Übernahme von Verantwortung in einer Gesellschaft.","Bezüge aus einem bestehenden oder früheren Dienstverhältnis (Löhne, Gehälter, Pensionen).",EStG § 25,,,,,,,,
30,8781dd7da67e7f40,Eine in Deutschland ansässige GmbH schließt das Umsatzgeschäft über eine Ware über ihre im Inland gelegene Zweigniederlassung in eigenem Namen ab; die Ware wird anschließend in die Schweiz verbracht. Ist diese Zweigniederlassung ausländischer Abnehmer iSd § 7?,"Nein, die Zweigniederlassung ist nicht ausländischer Abnehmer nach § 7 des Umsatzsteuergesetzes (UStG) 1994. Die relevanten Paragraphen sind: [UStG 1994 § 3] (9) Absatz 9, Gelangt der Gegenstand der Lieferung bei der Beförderung oder Versendung an den Abnehmer oder in dessen Auftrag an einen Dritten aus dem Drittlandsgebiet in das Gebiet eines Mitgliedstaates, so ist diese Lieferung als im Einfuhrland ausgeführt zu behandeln, wenn der Lieferer oder sein",Nein. Eine im Inland befindliche Zweigniederlassung ist nach § 7 Abs. 2 lit. b nicht ausländischer Abnehmer; daher trägt § 7 Abs. 1 Z 2 nicht.,§ 7 Abs. 1 Z 2 UStG 1994; § 7 Abs. 2 lit. b UStG 1994,,,,,,,,
31,885d9f3fe2faf792,"Begründet ein DBA für sich allein eine österreichische Steuerpflicht, wenn das innerstaatliche Recht keine Steuerpflicht vorsieht?","Nein, ein Doppelbesteuerungsabkommen (DBA) für sich allein eine österreichische Steuerpflicht nicht begründet, wenn das innerstaatliche Recht keine Steuerpflicht vorsieht. Dies gilt entsprechend den Abschlüssen von § 14 Abs. 8 KStG 1988 und § 1 EStG 1988. Es ist jedoch anzumerken, dass die Steuerpflicht im Falle eines DBAs durch eine Bescheinigung der zuständigen ausländischen Abgabenbehörde nachgewiesen werden muss, um die Einkünfte als nicht der österreichischen Einkommensteuer","Nein. Nach der in EStR 2000 33 Prüfungsreihenfolge ist zunächst das innerstaatliche Recht maßgeblich. Erst wenn danach eine Steuerpflicht besteht, ist zu prüfen, ob ein DBA das Besteuerungsrecht einschränkt.",EStR 2000 Rz 33,,,,,,,,
32,88bc84e16845d774,"""Frau Meier betreibt eine Malerfirma in Wien. Sie streicht das Wohnzimmer von Herrn Bauer (Privatperson) in Graz. Wo gilt die Leistung steuerlich als ausgeführt: in Wien oder in Graz?""","In diesem Fall handelt es sich um eine Leistung, die an eine Privatperson erbracht wird, also an einen Nichtunternehmer im Sinne des Steuerrechts. Die Leistung besteht in der Malarbeiten im Wohnzimmer von Herrn Bauer in Graz.

Nach dem gegebenen Kontext gilt die Leistung steuerlich als ausgeführt, an dem Ort, an dem sie tats","""Die Leistung wird in Graz ausgeführt, da bei grundstücksbezogenen Leistungen der Leistungsort am Ort des Grundstücks liegt (§ 3a Abs. 9 UStG).",§ 3a Abs. 9 UStG 1994,,,,,,,,
33,8908960bcad8868e,"""Ein Tourist aus Deutschland übernachtet in einem Wiener Hotel. Wo ist die Leistung steuerpflichtig?""","Die Leistung ist steuerpflichtig in Österreich, da der Tourist aus Deutschland in einem Wiener Hotel übernachtet.<end_of_turn>","""IIn Österreich, da Beherbergungsleistungen grundstücksbezogene Leistungen sind und der Leistungsort am Ort des Grundstücks liegt (§ 3a Abs. 9 UStG)..""",§ 3a Abs. 9 UStG,,,,,,,,
34,89094c8601fb8722,"""Frau Meier betreibt eine Malerfirma in Wien. Sie streicht das Wohnzimmer von Herrn Bauer (Privatperson) in Graz. Wo gilt die Leistung steuerlich als ausgeführt: in Wien oder in Graz?""","Die Leistung gilt steuerlich als in Graz ausgeführt, da die Leistung (Malerarbeiten) an einem bestimmten Ort (Wohnzimmer von Herrn Bauer in Graz) erbracht wird. Die steuerliche Ausführung eines Dienstleistungsleistungs ist an den Ort der Leistungserbringung, nicht an den Sitz des Leistungserbringers (Frau Meier in Wien), gebunden.","""Die Leistung wird in Graz ausgeführt, da bei grundstücksbezogenen Leistungen der Leistungsort am Ort des Grundstücks liegt (§ 3a Abs. 9 UStG).",§ 3a Abs. 9 UStG 1994,,,,,,,,
35,8a2a7f84d6e991f4,Binnen welcher Frist muss ein steuerpflichtiger Erwerbsvorgang dem Finanzamt angezeigt werden?,"Ein steuerpflichtiger Erwerbsvorgang ist dem Finanzamt unverzüglich, spätestens jedoch binnen einem Monat nach Entstehen der Steuerpflicht anzuzeigen (§ 19 Abs. 1 GrEStG 1987). Diese Frist gilt insbesondere für die Grunderwerbsteuer. Bei anderen Steuerarten können abweichende Fristen gelten, jedoch ist grundsätzlich die unverzügliche Anzeige vorgeschrieben.",Gemäß § 10 Abs. 1 GrEStG ist jeder steuerpflichtige Erwerbsvorgang bis zum 15. Tag des auf das Entstehen der Steuerschuld zweitfolgenden Monats beim Finanzamt anzuzeigen (sofern keine Selbstberechnung durch Notar/Anwalt erfolgt).,§ 10 Abs. 1 GrEStG 1987,,,,,,,,
36,8a4b08b0807f6ed3,Eine anerkannte Organisation erhält ein Grundstück geschenkt. Ist dieser Vorgang grunderwerbsteuerpflichtig?,"Der Vorgang ist nicht grunderwerbsteuergleichend. Es handelt sich um eine Anordnung, die nicht nach den Berechtigungen des Grunderwerbsteuers erforderlich ist. Es ist jedoch notwendig, dass der Grunderwerbsteuer nicht hinzugefügt werden kann, da er für den zu bestenwerd","Nein, sofern die Voraussetzungen erfüllt sind. Gemäß § 3 Abs. 1 Z 3 GrEStG ist der unentgeltliche Erwerb eines Grundstückes durch Körperschaften, die der Förderung gemeinnütziger, mildtätiger oder kirchlicher Zwecke dienen, von der Besteuerung ausgenommen.",§ 3 Abs. 1 Z 3 GrEStG 1987,,,,,,,,
37,8a7f12a9a7647e38,Ab welcher Umsatzgrenze entfällt die Kleinunternehmerbefreiung?,"Laut § 6 Abs. 1 UStG (Umsatzsteuergesetz) ist die Kleinunternehmerbefreiung vom Vorsteuerabzug und der Umsatzsteuerpflicht ausgeschlossen, wenn der Umsatz in einem Kalenderquartal 50.000 € (ab 2012) überschreitet.",Ab einem jährlichen Umsatz von mehr als 55.000 Euro brutto.,UStG § 6 Abs. 1 Z 27,,,,,,,,
38,8a88f8944c27f295,"Ein Außendienstmitarbeiter erhält für eine Dienstreise Taggelder in Höhe von 26,40 € pro Tag. Er fragt sich, ob er diesen Betrag in seiner Steuererklärung als Einkommen versteuern muss.","Der angestellte Außendienstmitarbeiter müsste den Taggelder in Höhe von 26,40 € pro Tag **in seiner Steuererklärung versteuern**.  Hierbei müssen Sie folgende Punkte beachten:

* **EStG § 26:**  Die Regelungen für Inlandsdienstreisen legen fest, dass Taggelder bis zu 30 € pro Tag möglich sind. Da der Betrag von 26,40 € liegt, könnte dies als ""Taggeld"" gelten.
* **EStG § 98:**  Dieser Abschnitt betrifft die Besteuerung von Reisekosten. Es gibt aber keine explizite Regelung für die Berechnung von Taggeld.


**Wichtig:**  Es ist wichtig zu beachten, dass es sich um eine allgemeine Interpretation handelt. Eine genaue Beurteilung der Situation erfordert die Prüfung aller relevanten rechtlichen Bestimmungen und gegebenenfalls die Beratung durch einen Steuerberater.","Nein. Soweit die Vergütungen für Dienstreisen die Sätze des § 26 EStG nicht übersteigen (z.B. das amtliche Kilometergeld oder Taggelder bis 26,40 €), gehören sie nicht zu den steuerpflichtigen Einkünften aus nichtselbständiger Arbeit.",§ 26 Z 4 EStG,,,,,,,,
39,8a9eb9eed41b687b,"""Ein Tourist aus Deutschland bucht ein Airbnb in Österreich. Wo ist die Leistung steuerpflichtig?""",Die Leistung ist in Österreich steuerpflichtig.,"""In Österreich, da Beherbergungsleistungen grundstücksbezogene Leistungen sind und der Leistungsort am Ort des Grundstücks liegt (§ 3a Abs. 9 UStG)""",§ 3a Abs 9 UStG 1994,,,,,,,,
40,8ade60d984d92446,Ein Vater verkauft seiner Tochter ein Grundstück um 250.000 Euro. Der Grundstückswert beträgt aber 400.000 Euro. Von welchem Betrag wird die Steuer berechnet?,"Die Steuer wird auf den Verkaufspreis von 250.000 Euro berechnet, da dies der tatsächliche Verkaufspreis ist.","Von 400.000 Euro. Die Steuer wird vom Wert der Gegenleistung berechnet, mindestens aber vom Grundstückswert (§ 4 Abs. 1 GrEStG). Da der Kaufpreis (250.000 Euro) unter dem Grundstückswert liegt, greift die Mindestbemessungsgrundlage.",§ 4 Abs. 1 GrEStG 1987,,,,,,,,
41,8af014a8e461d529,Wie hoch war der KöSt-Satz nach der Steuerreform 2005?,Nach der Steuerreform 2005 wurde der Körperschaftsteuersatz (KöSt) in Österreich auf 25 % reduziert (§ 3 KorpStG).,Er wurde damals von 34 % auf 25 % gesenkt.,KStG § 22 (alt),,,,,,,,
42,8b4add2cc75ce9c1,"Ein im Grenzgebiet wohnender Arbeitnehmer kehrt regelmäßig täglich aus einem benachbarten Drittstaat zurück. Bei einer Einreise führt er 25 Zigaretten und 0,25 Liter Spirituosen mit mehr als 22 % vol mit. Er legt glaubhaft dar, dass er an diesem Tag nicht bloß grenznah tätig war, sondern sich weit außerhalb des Grenzgebiets aufgehalten hat. Entscheidend ist, ob trotz seines grundsätzlichen Status als Grenzarbeitnehmer die verschärften Mengenbeschränkungen zwingend anzuwenden sind.","Bei einem Tätigkeitsort im Grenzgebiet ist die verschärfte Mengenbeschränkung für Zigaretten und Spirituosen nur dann anzuwenden, wenn der Arbeitnehmer sich im Grenzgebiet aufgehalten hat und nicht weit außerhalb des Grenzgebiets tätig war.","Die eingeschränkten Mengen des Abs. 6 greifen hier nicht. Kann der Reisende nachweisen, dass er aus dem Grenzgebiet ausgereist ist, verbleibt es bei den allgemeinen Befreiungsregeln des Abs. 5. Die Einfuhr ist daher im Rahmen dieser allgemeinen Grenzen steuerfrei.",§ 6 Abs. 6 UStG 1994; § 6 Abs. 5 UStG 1994,,,,,,,,
43,8b72e98cc2bcd8b7,Wie hoch ist der maximal mögliche Verlustabzug in einem Veranlagungsjahr und welche Ausnahmen gibt es?,"Der maximale Verlustabzug in einem Veranlagungsjahr in Österreich beträgt 75 % des Gesamteinkommens (§ 18 Abs. 6 EStG 1988). Der verbleibende Verlust kann in den folgenden Jahren abgezogen werden. Es gibt jedoch Ausnahmen, wie z.B. bei Verlusten aus Gewerbebetrieb, die zu 100 % abgezogen werden können (§ 18 Abs. 6 EStG 1988).","75 % des Gesamtbetrages der Einkünfte (§ 8 Abs. 4 Z 2 lit. a KStG). Ausnahmen (volle Verrechnung): u.a. Sanierungsgewinne, Gewinne aus Insolvenzverfahren, Betriebsveräußerungsgewinne, Liquidationsgewinne und Nachversteuerungsbeträge nach § 9 Abs. 6 Z 7 KStG.",§ 8 Abs. 4 Z 2 lit. a–b KStG 1988,,,,,,,,
44,8bcf366f40d1ade2,Eine in der Schweiz lebende Managerin nutzt ihre Wiener Zweitwohnung nur 50 Tage pro Jahr und hält sich darüber hinaus nicht länger im Inland auf. Führt die Zweitwohnung allein zur unbeschränkten Steuerpflicht?,Nein. Die unbeschränkte Steuerpflicht gemäß § 1 Abs. 2 EStG setzt eine mindestens einjährige Aufenthaltspflicht voraus. Die 50 Tage pro Jahr reichen nicht aus. Die Schweizerin ist daher nur mit ihrem inländischen Einkommen (z.B. aus österreichischen Gesellschaften) in Österreich steuerpflichtig. Die Zweitwohnung selbst ist bei dieser Konstellation nicht relevant.,"Nein. Nach der Zweitwohnsitzverordnung, referenziert in EStR 2000 Rz 26a, führt eine inländische Wohnung nicht zur unbeschränkten Steuerpflicht, wenn sie nur untergeordnet genutzt wird, also nicht mehr als 70 Tage pro Jahr. Dauert der tatsächliche Inlandsaufenthalt allerdings länger als sechs Monate, kann dennoch ein gewöhnlicher Aufenthalt und damit eine unbeschränkte Steuerpflicht entstehen.",EStR 2000 Rz 26a,,,,,,,,
45,8cb24b2d65a6eede,"Ein Arbeitgeber zahlt einem Mitarbeiter eine einmalige Entschädigungssumme aus, weil eine zugesagte Beförderung aufgrund eines Formfehlers nicht stattfand. Handelt es sich hierbei um steuerpflichtiges Arbeitseinkommen?","1. Die Steuerveranlagungsbehörde ist befugt, die Steuerforderungen nach dem Verhalten des Arbeitgebers zu beurteilen (Art. 25 Abs. 3 StG). Sie kann auch dann entscheiden, wenn sie von einer unbestimmten oder unklaren Rechtslage ausgeht (BGE 97 I 406 E. 2 S. 408 f.; BGE 1","Ja. Bezüge und Vorteile aus einem bestehenden oder früheren Dienstverhältnis sind steuerpflichtig. Da die Entschädigung im direkten Zusammenhang mit der Erwerbstätigkeit und dem entgangenen Verdienst steht, ist sie als Einkunft aus nichtselbständiger Arbeit zu werten.",§ 25 Abs. 1 Z 1 lit. a EStG,,,,,,,,
46,8d0e45b3fd422120,Was ist die Steuerreform 2024 hinsichtlich der Kleinunternehmer?,Die Steuerreform 2024 betrifft die Steuern für die Kleinunternehmer (Art. 1-3 des Bundesgesetzes vom 6. Oktober 2021 über die Steuerreform 2024). Sie enthält eine neue Regelung für die Steuerpflichtige mit einer Einkommenssteuer von 5% und einen Steuersatz von 2% (Art. 1 Abs. 1,Die Anhebung der Umsatzsteuergrenze auf 35.000 Euro wurde gesetzlich verankert.,UStG § 6 Abs. 1 Z 27,,,,,,,,
47,8d383f3d405cc69b,Ein österreichischer Arbeitnehmer geht in Pension und erhält Zahlungen aus einer inländischen Pensionskasse. Sind diese voll steuerpflichtig?,Die unbeschränkte Steuerpflicht erstreckt sich auf alle in- und ausländischen Einkünfte im Sinne des Einkommensteuergesetzes.,"Nein. Nur jener Teil der Pensionszahlungen, der auf eigene Beitragszahlungen des Arbeitnehmers (bzw. eines wesentlich Beteiligten oder eines Arbeitgebers für sich selbst) entfällt, wird mit 25 % besteuert. Der restliche, vom Arbeitgeber finanzierte Teil ist voll steuerpflichtig.",§ 25 Abs. 1 Z 2 lit. a EStG 1988,,,,,,,,
48,8d73440c04f1a641,Was regelt das KMU-Förderungsgesetz steuerlich?,"Das KMU-Förderungsgesetz selbst regelt keine Steuern, sondern es handelt sich um eine Regelung zur Förderung von Klein- und Mittelbetrieben (§ 1 Abs. 1 KMUG). Die Steuerregeln finden sich in anderen Gesetzen wie z.B. dem Einkommensteuergesetz 1988 (EStG 1988) oder dem Körperschaft",Erleichterungen beim Zugang zu Förderungen und steuerliche Verlustrückträge.,EStG § 124b Z 355,,,,,,,,
49,8ddd5ecfb5952b1d,"""Ein deutsches Unternehmen bietet einen Online-Kochkurs für Privatpersonen in Österreich an. Wo ist die Leistung steuerpflichtig?""","Zu den Leistungen gehören unter anderem das Erlernen der Grundbegriffe des Kochens, Kochen und Backens sowie eine praktische Ausbildung zum Küchenmeister (Köchin). Die Lehrgänge finden im Rahmen eines staatlich anerkannten Kurses statt; sie dauern jeweils zwei","""In Österreich, da es sich um eine elektronisch erbrachte Leistung handelt und der Leistungsort bei Leistungen an Nichtunternehmer am Wohnsitz des Leistungsempfängers liegt (§ 3a Abs. 13 UStG)""",§ 3a Abs. 13 UStG 1994 ,,,,,,,,
50,8e846004e3043ba1,Ein Vater schenkt seiner Tochter ein Grundstück mit einem Grundstückswert von 450.000 Euro. Wie hoch ist der Steuersatz für diesen Erwerb im Familienverband?,Der Steuersatz für das Erwerb eines Grundstückes beträgt 450.000 Euro. In diesem Kontext kann man sich aufgrund der genannten Gesetzesstelle und den vorgeschlagenen Bedingungen auswerten.,"Gemäß § 7 Abs. 1 Z 1 GrEStG gilt für unentgeltliche Erwerbe im Familienverband ein Stufentarif: Für die ersten 250.000 Euro beträgt der Steuersatz 0,5 %, für die nächsten 150.000 Euro (bis 400.000 Euro) 2,0 % und darüber hinaus 3,5 %. Die Steuer berechnet sich somit aus: (250.000 * 0,5%) + (150.000 * 2,0%) + (50.000 * 3,5%) = 6000 Euro.","§ 7 Abs. 1 Z 1 lit. a GrEStG 1987, § 7 Abs. 1 Z 1 lit. c GrEStG 1987",,,,,,,,
51,8edc10ff63770896,Welche Einschränkung gilt für den Betriebsausgabenabzug bei nur teilweise steuerpflichtigen Körperschaften?,: Welche Einschränkung gilt für den Betriebsausgabenabzug bei nur teilweise steuerpflichtigen Körperschaften? Antwort: Die Einschränkung der Steuern für die Betriebsausgaben besteht nicht. Sie liegt im Rahmen des Steuersubjekts (Art. 1 Abs. 2 lit. a Einführungsgesetz).,"Aufwendungen dürfen nur insoweit abgezogen werden, als sie mit steuerpflichtigen Erträgen in unmittelbarem wirtschaftlichen Zusammenhang stehen (§ 11 Abs. 2 KStG).",§ 11 Abs. 2 KStG 1988,,,,,,,,
52,9069f749d424c1fa,"Ein in Spanien lebender Berater hat in Österreich weder Wohnsitz noch gewöhnlichen Aufenthalt. Wenn seine inländischen Einkünfte wegfallen, endet dann grundsätzlich auch die beschränkte Steuerpflicht?","Der Berater, der in Spanien lebt und in Österreich keinen Wohnsitz oder gewöhnlichen Aufenthalt hat, wird in der Regel keine beschränkte Steuerpflicht in Österreich haben, da er keine Einkünfte in Österreich erwirtschaftet.  Die Regelung in der vorliegenden Textstelle (§ 1a) gilt nur für Personen, die aus dem Ausland zuz","Ja. Nach EStR 2000 Rz 27 beginnt die beschränkte Steuerpflicht mit dem Erzielen inländischer Einkünfte und endet mit dem Wegfall der inländischen Einkünfte, dem Eintritt in die unbeschränkte Steuerpflicht oder dem Tod.",EStR 2000 Rz 27,,,,,,,,
53,907a2a73c200b0ef,"Ein Manager erhält bei seinem Ausscheiden eine freiwillige Abgangsentschädigung. Er behauptet, dies sei kein ""Lohn"", da er zum Zeitpunkt der Auszahlung gar nicht mehr arbeitet. Sind solche Bezüge steuerpflichtig?","Ja, Abgangsentschädigungen, auch wenn der Arbeitgeber und der Arbeitnehmer sich darüber einigen, dass es sich nicht um Lohndarleistungen handelt, steuerpflichtig sind. Sie werden gemäß § 7 Abs. 1 Nr. 1 KStG als Einkommen angesehen. Insbesondere gilt § 8 Abs. 1 KStG, wonach die Einkommensteuer auf das gesamte Einkommen des Steuerpflichtigen zu entrichten ist. Der Paragraph weist keinen speziellen Regelungschlussel auf, deshalb ist kein zusätzlicher Paragraphenverweis notwendig.","Ja. Zu den Einkünften aus nichtselbständiger Arbeit gehören auch Bezüge und Vorteile aus einem früherenDienstverhältnis. Die Abfindung ist somit als nachträglicher Bezug steuerpflichtig, wobei für die Versteuerung oft begünstigte Sätze (z.B. Sechstelbegünstigung) zur Anwendung kommen.",§ 25 Abs. 1 Z 1 lit. a EStG,,,,,,,,
54,9190c4ef9e54d509,Binnen welcher Frist muss ein steuerpflichtiger Erwerbsvorgang dem Finanzamt angezeigt werden?,"Absatz eins, Paragraph zwei bis sieben. Der Steuerpflichtige kann den Vorgang anzeigen lassen und auf Verlangen des Finanzamtes eine Anzeige erstatten ( Abs. 2). Die Meldung ist mit einem Hinweis versehen (§ 8 Z 1), der die Ordnungsmäßigkeitsprüfung gemäß",Gemäß § 10 Abs. 1 GrEStG ist jeder steuerpflichtige Erwerbsvorgang bis zum 15. Tag des auf das Entstehen der Steuerschuld zweitfolgenden Monats beim Finanzamt anzuzeigen (sofern keine Selbstberechnung durch Notar/Anwalt erfolgt).,§ 10 Abs. 1 GrEStG 1987,,,,,,,,
55,91a3471ca85df5d1,"Eine Bank bietet ihren Kunden ein Paket an, das Depotführung, Verwahrung der Wertpapiere, laufende administrative Verwaltung und die Durchführung von Kauf und Verkauf derselben Wertpapiere umfasst. Die Bank macht geltend, es handle sich um einen einheitlichen Finanzumsatz im Zusammenhang mit Wertpapieren. Zu untersuchen ist, welche Bestandteile von der Befreiung erfasst werden und welche nicht.","ören Einkünfte aus der Veräußerung, die Verkauf und die Verwaltung von Kryptowährungen.","Nicht das gesamte Paket ist steuerfrei. Umsätze im Geschäft mit Wertpapieren können steuerfrei sein, die Verwahrung und Verwaltung von Wertpapieren sind jedoch ausdrücklich ausgenommen. Diese Leistungen bleiben daher auch dann steuerpflichtig, wenn sie zusammen mit begünstigten Wertpapierumsätzen angeboten werden.",§ 6 Abs. 1 Z 8 lit. f UStG 1994,,,,,,,,
56,91ab8aee3b11a004,"Ein Forstwirt betreibt auf einem Teil seines Waldgrundstücks einen kommerziellen Hochseilklettergarten. Er bewirbt diesen stark und verlangt Eintrittsgelder. Fällt der Klettergarten unter die Einkünfte aus Land- und Forstwirtschaft, da er sich im Wald befindet?","Nein, der kommerzielle Hochseilklettergarten fällt nicht unter die Einkünfte aus Land- und Forstwirtschaft, weil er sich nicht im Rahmen eines land- und forstwirtschaftlichen Betriebes befindet (§ 34 bis 47 BAO).","Nein, die Einkünfte aus dem Klettergarten sind Einkünfte aus Gewerbebetrieb gemäß § 23 Z 1 EStG. Obwohl die Anlage im Wald steht, fehlt der direkte wirtschaftliche Bezug zur land- und forstwirtschaftlichen Urproduktion (Bodenbewirtschaftung). Die Tätigkeit ist selbstständig, nachhaltig, auf Gewinn gerichtet und beteiligt sich am allgemeinen wirtschaftlichen Verkehr, ohne Land- und Forstwirtschaft oder selbstständige Arbeit zu sein.",§ 23 EStG 1988,,,,,,,,
57,924a21a19d76f926,Arbeitnehmer A arbeitet laut Vereinbarung mit seinem Arbeitgeber an 120 Tagen im Jahr ausschließlich von zuhause. Sein Arbeitgeber zahlt ihm ein Homeoffice-Pauschale von 3 Euro pro Tag. Wie viel kann steuerfrei ausbezahlt werden?,"Der Arbeitnehmer erhält pro Tag 3 Euro Homeoffice-Pauschale.  Da es sich um einen Teilzeitjob handelt, wird diese Pauschale **steuerfrei** sein. 


**Relevant:**

* **EStG § 20 Abs. 1 Z 2 lit. d**:  Die Homeoffice-Pauschale ist bis zu 3 Euro pro Tag steuerfrei. 



Es ist wichtig zu beachten, dass dies nur die allgemeine Regelung ist. Es können weitere Faktoren wie z. B. individuelle Vereinbarungen oder spezifische Regelungen innerhalb des Arbeitsvertrages relevant sein.",Gemäß § 26 Z 9 lit. a EStG ist das Homeoffice-Pauschale auf höchstens 100 Tage im Kalenderjahr begrenzt. Steuerfrei sind daher maximal 100 × 3 Euro = 300 Euro. Die verbleibenden 20 Tage (60 Euro) sind steuerpflichtig.,§ 26 Z 9 lit. a EStG,,,,,,,,
58,92c451417f96fc10,Ein Unternehmer ordnet ein Bürogebäude seinem Unternehmen zu; bei Anschaffung bestand ein teilweiser Vorsteuerabzug. Später nutzt er einen Teil des Gebäudes unentgeltlich privat. Wird diese Verwendung nach § 3a Abs. 1a Z 1 einer sonstigen Leistung gegen Entgelt gleichgestellt?,"Nein, die Verwendung des Gebäudes für private Zwecke ist nicht eine Leistung gegen Entgelt. 10. 11. 12. 13. 14. 15. 16. 17. 18. 19. 20. 21. 22. 23. 24. 25. 26. 27.","Nein. Zwar wird die Verwendung eines dem Unternehmen zugeordneten Gegenstandes für unternehmensfremde Zwecke grundsätzlich einer sonstigen Leistung gegen Entgelt gleichgestellt, wenn der Gegenstand zum vollen oder teilweisen Vorsteuerabzug berechtigt hat. Diese Gleichstellung gilt aber ausdrücklich nicht für die Verwendung eines dem Unternehmen zugeordneten Grundstückes.",§ 3a Abs. 1a Z 1 UStG 1994,,,,,,,,
59,933a1c8f56536224,"Hat die Art der Einkommensverwendung (Ausschüttung, Entnahme etc.) Einfluss auf die Einkommensermittlung?","Ja, die Art der Einkommensverwendung kann Einfluss auf die Einkommensermittlung haben, da bestimmte Arten der Einkommensverwendung, wie z.B. Ausschüttungen oder Entnahmen aus Kapitalanlagen, durch bestimmte Steuervorschriften (z.B. Kapitalertragsteuergesetz) geregelt sind und somit die Einkommensermittlung beeinflussen können.","Nein. Gemäß § 8 Abs. 2 KStG ist es ohne Bedeutung, ob das Einkommen durch offene oder verdeckte Ausschüttungen verteilt, entnommen oder in anderer Weise verwendet wird.",§ 8 Abs. 2 KStG 1988,,,,,,,,
60,93a4f9d953ca3c17,"Mitarbeiter B bekommt von seinem Arbeitgeber ein E-Bike zur Verfügung gestellt. Manchmal nutzt er dieses Rad für private Ausfahrten. Mitarbeiter B hat dabei keine Bedenken bei der privaten Nutzung, da der Sachbezug des E-Bikes Null beträgt. Sind diese Fahrten steuerlich irrelevant?","Ja, die Fahrten mit dem E-Bike sind steuerlich irrelevant. Der Sachbezug des E-Bikes beträgt Null, was bedeutet, dass sie nicht als Arbeitsgerät oder Arbeitsmittel angesehen werden kann. Daher können Mitarbeiter B seine Ausfahrt mit dem E-Bike ohne Steuergenehmigung ausführen.","Laut § 4b SachbezugsVO ist die private Nutzung des E-Bikes, da auch der Sachbezug des E-Bikes Null ist ebenso mit Null anzusetzen. Somit auch steuerlich nicht weiter relevant.",§ 4b SachbezugsVO,,,,,,,,
